,CityID,City,State,Lat,Lng,ElevationMeters,TimezoneName,UTCOffsetHours
0,4001,Abilene,TX,32.4487364,-99.73314390000002,520.9115600585939,Central Daylight Time,-5.0
1,4002,Akron,OH,41.081444700000006,-81.51900529999998,292.6947631835938,Eastern Daylight Time,-4.0
2,4003,Albany,NY,42.65257929999999,-73.7562317,42.68008041381836,Eastern Daylight Time,-4.0
3,4004,Albuquerque,NM,35.0853336,-106.6055534,1583.1875,Mountain Daylight Time,-6.0
4,4005,Allentown,PA,40.6084305,-75.4901833,104.9155654907227,Eastern Daylight Time,-4.0
5,4006,Ames,IA,42.03078120000001,-93.6319131,274.2550659179688,Central Daylight Time,-5.0
6,4007,Amherst,MA,42.3732216,-72.5198537,95.78414916992188,Eastern Daylight Time,-4.0
7,4008,Anaheim,CA,33.8365932,-117.91430120000001,47.60859680175781,Pacific Daylight Time,-7.0
8,4009,Anchorage,AK,61.2180556,-149.90027780000003,33.1964111328125,Alaska Daylight Time,-8.0
9,4010,Ann Arbor,MI,42.2808256,-83.7430378,263.49282836914057,Eastern Daylight Time,-4.0
10,4011,Annapolis,MD,38.9784453,-76.4921829,13.445884704589838,Eastern Daylight Time,-4.0
11,4012,Arlington,TX,32.735687,-97.1080656,185.2654876708984,Central Daylight Time,-5.0
12,4013,Asheville,NC,35.5950581,-82.5514869,676.4351806640625,Eastern Daylight Time,-4.0
13,4014,Athens,GA,33.9519347,-83.357567,213.8323516845703,Eastern Daylight Time,-4.0
14,4015,Athens,OH,39.3292396,-82.1012554,219.3882598876953,Eastern Daylight Time,-4.0
15,4016,Atlanta,GA,33.7489954,-84.3879824,320.0387878417969,Eastern Daylight Time,-4.0
16,4017,Atlantic City,NJ,39.3642834,-74.4229266,3.922453641891478,Eastern Daylight Time,-4.0
17,4018,Auburn,AL,32.6098566,-85.48078249999998,215.4762725830078,Central Daylight Time,-5.0
18,4019,Auburn Hills,MI,42.6875323,-83.23410279999999,292.1078796386719,Eastern Daylight Time,-4.0
19,4020,Austin,TX,30.267153000000004,-97.7430608,149.1394653320312,Central Daylight Time,-5.0
20,4021,Bakersfield,CA,35.3732921,-119.0187125,122.5372314453125,Pacific Daylight Time,-7.0
21,4022,Baltimore,MD,39.2903848,-76.6121893,10.96754741668701,Eastern Daylight Time,-4.0
22,4023,Bangor,ME,44.80118210000001,-68.77781379999999,35.3848991394043,Eastern Daylight Time,-4.0
23,4024,Baton Rouge,LA,30.458282899999997,-91.1403196,15.10886287689209,Central Daylight Time,-5.0
24,4025,Bayamon,PR,18.389395999999998,-66.1653224,30.27177429199219,Atlantic Standard Time,-4.0
25,4026,Beaumont,TX,30.080174,-94.12655620000001,5.1013455390930185,Central Daylight Time,-5.0
26,4027,Berkeley,CA,37.87159260000001,-122.272747,51.61442184448242,Pacific Daylight Time,-7.0
27,4028,Bethlehem,PA,40.6259316,-75.37045789999998,110.97427368164058,Eastern Daylight Time,-4.0
28,4029,Billings,MT,45.783285600000006,-108.50069040000001,951.3828735351562,Mountain Daylight Time,-6.0
29,4030,Birmingham,AL,33.5206608,-86.80248999999998,186.2443695068359,Central Daylight Time,-5.0
30,4031,Blacksburg,VA,37.2295733,-80.4139393,634.6715087890625,Eastern Daylight Time,-4.0
31,4032,Bloomington,IN,39.165325,-86.52638569999998,233.7287750244141,Eastern Daylight Time,-4.0
32,4033,Boca Raton,FL,26.3683064,-80.1289321,6.029303550720215,Eastern Daylight Time,-4.0
33,4034,Boiling Springs,NC,35.254292,-81.6670407,269.42013549804693,Eastern Daylight Time,-4.0
34,4035,Boise,ID,43.6187102,-116.2146068,817.1220703125,Mountain Daylight Time,-6.0
35,4036,Boone,NC,36.216795,-81.6745517,980.9765625,Eastern Daylight Time,-4.0
36,4037,Borinquen,PR,18.220833,-66.590149,454.5361328125,Atlantic Standard Time,-4.0
37,4038,Bossier City,LA,32.5159852,-93.7321228,53.01473999023438,Central Daylight Time,-5.0
38,4039,Boston,MA,42.360082500000004,-71.0588801,10.44776248931885,Eastern Daylight Time,-4.0
39,4040,Boulder,CO,40.0149856,-105.2705456,1623.9774169921882,Mountain Daylight Time,-6.0
40,4041,Bowling Green,KY,36.9685219,-86.48080429999999,160.5126342773438,Central Daylight Time,-5.0
41,4042,Bowling Green,OH,41.3747744,-83.65132290000001,210.7506256103516,Eastern Daylight Time,-4.0
42,4043,Bozeman,MT,45.676997899999996,-111.04293390000001,1473.49462890625,Mountain Daylight Time,-6.0
43,4044,Bridgeport,CT,41.18654779999999,-73.19517669999998,12.555980682373052,Eastern Daylight Time,-4.0
44,4045,Bronx,NY,40.844781899999994,-73.86482679999999,14.447757720947271,Eastern Daylight Time,-4.0
45,4046,Brookings,SD,44.3113573,-96.7983877,493.9803161621094,Central Daylight Time,-5.0
46,4047,Brooklyn,NY,40.6781784,-73.94415790000001,18.05331420898438,Eastern Daylight Time,-4.0
47,4048,Brooklyn Heights,NY,40.6960105,-73.9932872,27.11715507507324,Eastern Daylight Time,-4.0
48,4049,Buffalo,NY,42.88644679999999,-78.8783689,182.8298187255859,Eastern Daylight Time,-4.0
49,4050,Buies Creek,NC,35.413216799999994,-78.7355728,63.27493286132812,Eastern Daylight Time,-4.0
50,4051,Burlington,VT,44.475882500000004,-73.21207199999998,59.67926025390625,Eastern Daylight Time,-4.0
51,4052,Cambridge,MA,42.373615799999996,-71.10973349999998,6.376087188720702,Eastern Daylight Time,-4.0
52,4053,Cancun,MX,21.161908,-86.85152790000001,12.89237785339355,Central Standard Time,-6.0
53,4054,Cape Girardeau,MO,37.3058839,-89.51814759999998,107.4340057373047,Central Daylight Time,-5.0
54,4055,Carbondale,IL,37.7272727,-89.2167501,126.3381576538086,Central Daylight Time,-5.0
55,4056,Casper,WY,42.866632,-106.31308100000001,1555.7698974609382,Mountain Daylight Time,-6.0
56,4057,Cedar City,UT,37.67747689999999,-113.06189309999999,1782.531494140625,Mountain Daylight Time,-6.0
57,4058,Cedar Falls,IA,42.5348993,-92.4453161,262.44967651367193,Central Daylight Time,-5.0
58,4059,Cedar Park,TX,30.505197999999996,-97.82028879999999,276.22885131835943,Central Daylight Time,-5.0
59,4060,Champaign,IL,40.116420399999996,-88.2433829,224.3040618896484,Central Daylight Time,-5.0
60,4061,Chapel Hill,NC,35.913199600000006,-79.05584449999999,148.55224609375,Eastern Daylight Time,-4.0
61,4062,Charleston,IL,39.4961458,-88.1761521,205.71600341796884,Central Daylight Time,-5.0
62,4063,Charleston,NC,32.789418100000006,-79.936842,4.923791885375977,Eastern Daylight Time,-4.0
63,4064,Charleston,SC,32.776474900000004,-79.93105120000001,3.8890023231506348,Eastern Daylight Time,-4.0
64,4065,Charleston,WV,38.3498195,-81.6326234,181.6091461181641,Eastern Daylight Time,-4.0
65,4066,Charlotte,NC,35.2270869,-80.8431267,232.5149993896484,Eastern Daylight Time,-4.0
66,4067,Charlottesville,VA,38.029305900000004,-78.47667810000002,142.3699798583984,Eastern Daylight Time,-4.0
67,4068,Chattanooga,TN,35.0456297,-85.3096801,206.3250579833984,Eastern Daylight Time,-4.0
68,4069,Cheney,WA,47.4873895,-117.5757622,718.7050170898438,Pacific Daylight Time,-7.0
69,4070,Chestnut Hill,MA,42.330379799999996,-71.166187,59.72336196899414,Eastern Daylight Time,-4.0
70,4071,Chicago,IL,41.8781136,-87.62979820000001,181.5143737792969,Central Daylight Time,-5.0
71,4072,Cincinnati,OH,39.103118200000004,-84.5120196,167.9832916259766,Eastern Daylight Time,-4.0
72,4073,Clarksville,TN,36.5297706,-87.3594528,146.1344451904297,Central Daylight Time,-5.0
73,4074,Clemson,SC,34.683438200000005,-82.83736540000001,221.9318542480469,Eastern Daylight Time,-4.0
74,4075,Cleveland,OH,41.499320000000004,-81.6943605,199.8629608154297,Eastern Daylight Time,-4.0
75,4076,Clinton,SC,34.4726276,-81.88065619999998,205.6438293457031,Eastern Daylight Time,-4.0
76,4077,College Park,MD,38.9896967,-76.93776,22.96251678466797,Eastern Daylight Time,-4.0
77,4078,College Station,TX,30.627977,-96.3344068,104.1191558837891,Central Daylight Time,-5.0
78,4079,Columbia,SC,34.0007104,-81.0348144,90.61096954345705,Eastern Daylight Time,-4.0
79,4080,Columbus,OH,39.9611755,-82.99879419999998,237.6291656494141,Eastern Daylight Time,-4.0
80,4081,Conway,AR,35.0886963,-92.44210109999999,93.8056640625,Central Daylight Time,-5.0
81,4082,Conway,SC,33.836003399999996,-79.0478143,9.80633544921875,Eastern Daylight Time,-4.0
82,4083,Cookeville,TN,36.162839,-85.5016423,336.294921875,Central Daylight Time,-5.0
83,4084,Coral Gables,FL,25.72149,-80.2683838,2.358245849609375,Eastern Daylight Time,-4.0
84,4085,Corpus Christi,TX,27.800582799999997,-97.396381,2.022631406784058,Central Daylight Time,-5.0
85,4086,Corvallis,OR,44.5645659,-123.2620435,69.55359649658203,Pacific Daylight Time,-7.0
86,4087,Cullowhee,NC,35.313711100000006,-83.1765333,645.9476928710938,Eastern Daylight Time,-4.0
87,4088,Dallas,TX,32.7766642,-96.7969879,137.57452392578122,Central Daylight Time,-5.0
88,4089,Davidson,NC,35.4993031,-80.84868459999998,249.673095703125,Eastern Daylight Time,-4.0
89,4090,Davis,CA,38.5449065,-121.74051670000001,15.57017421722412,Pacific Daylight Time,-7.0
90,4091,Dayton,OH,39.758947799999994,-84.1916069,225.5588531494141,Eastern Daylight Time,-4.0
91,4092,Daytona Beach,FL,29.2108147,-81.02283309999999,4.296838283538818,Eastern Daylight Time,-4.0
92,4093,DeKalb,IL,41.9294736,-88.75036469999998,267.03823852539057,Central Daylight Time,-5.0
93,4094,DeLand,FL,29.028318,-81.3031179,11.369895935058588,Eastern Daylight Time,-4.0
94,4095,Denton,TX,33.2148412,-97.1330683,199.4781188964844,Central Daylight Time,-5.0
95,4096,Denver,CO,39.739235799999996,-104.990251,1596.6729736328118,Mountain Daylight Time,-6.0
96,4097,Des Moines,IA,41.600544799999994,-93.6091064,266.38015747070307,Central Daylight Time,-5.0
97,4098,Detroit,MI,42.331427000000005,-83.0457538,182.3301696777344,Eastern Daylight Time,-4.0
98,4099,Dover,DE,39.158167999999996,-75.5243682,9.22296905517578,Eastern Daylight Time,-4.0
99,4100,Duluth,GA,34.0028786,-84.1446376,334.2595520019531,Eastern Daylight Time,-4.0
100,4101,Durham,NC,35.99403289999999,-78.898619,120.9079360961914,Eastern Daylight Time,-4.0
101,4102,Durham,NH,43.1339545,-70.9264393,13.36411380767822,Eastern Daylight Time,-4.0
102,4103,East Lansing,MI,42.7369792,-84.48386540000001,261.54904174804693,Eastern Daylight Time,-4.0
103,4104,East Rutherford,NJ,40.833989,-74.0970865,24.81060791015625,Eastern Daylight Time,-4.0
104,4105,Easton,PA,40.688432,-75.2207323,100.58746337890621,Eastern Daylight Time,-4.0
105,4106,Edinburg,TX,26.3017374,-98.1633432,28.75908660888672,Central Daylight Time,-5.0
106,4107,Edwardsville,IL,38.8114364,-89.95315699999998,166.8143463134766,Central Daylight Time,-5.0
107,4108,El Paso,TX,31.7618778,-106.48502169999999,1134.373168945312,Mountain Daylight Time,-6.0
108,4109,Elon,NC,36.09827620000001,-79.5115433,210.5898895263672,Eastern Daylight Time,-4.0
109,4110,Emmitsburg,MD,39.7045417,-77.32693069999998,135.5787200927734,Eastern Daylight Time,-4.0
110,4111,Estero,FL,26.438136,-81.8067523,3.6247434616088867,Eastern Daylight Time,-4.0
111,4112,Eugene,OR,44.0520691,-123.08675359999998,131.0602111816406,Pacific Daylight Time,-7.0
112,4113,Evanston,IL,42.0450722,-87.68769689999998,184.2229766845703,Central Daylight Time,-5.0
113,4114,Evansville,IN,37.9715592,-87.5710898,118.26126098632808,Central Daylight Time,-5.0
114,4115,Fairfax,VA,38.84622359999999,-77.30637329999998,131.4553527832031,Eastern Daylight Time,-4.0
115,4116,Fairfield,CT,41.1408363,-73.2612615,5.032363891601562,Eastern Daylight Time,-4.0
116,4117,Fargo,ND,46.8771863,-96.78980340000001,275.0908203125,Central Daylight Time,-5.0
117,4118,Farmville,VA,37.302096500000005,-78.3919401,95.9873046875,Eastern Daylight Time,-4.0
118,4119,Fayetteville,AR,36.082156,-94.1718542,392.149658203125,Central Daylight Time,-5.0
119,4120,Flagstaff,AZ,35.1982836,-111.651302,2103.939453125,Mountain Standard Time,-7.0
120,4121,Fort Collins,CO,40.5852602,-105.084423,1525.08740234375,Mountain Daylight Time,-6.0
121,4122,Fort Hood,TX,31.195001300000005,-97.7413143,240.8761444091797,Central Daylight Time,-5.0
122,4123,Fort Myers,FL,26.640628000000003,-81.87230840000001,3.245586395263672,Eastern Daylight Time,-4.0
123,4124,Fort Wayne,IN,41.079273,-85.13935129999999,233.6640472412109,Eastern Daylight Time,-4.0
124,4125,Fort Worth,TX,32.7554883,-97.3307658,188.8277130126953,Central Daylight Time,-5.0
125,4126,Fresno,CA,36.7468422,-119.7725868,92.60773468017578,Pacific Daylight Time,-7.0
126,4127,Fullerton,CA,33.8703645,-117.9242123,48.4811897277832,Pacific Daylight Time,-7.0
127,4128,Gainesville,FL,29.6516344,-82.32482619999998,55.27118682861328,Eastern Daylight Time,-4.0
128,4129,Garland,TX,32.912624,-96.6388833,170.0466918945312,Central Daylight Time,-5.0
129,4130,Glendale,AZ,33.538652299999995,-112.18598659999999,350.8721618652344,Mountain Standard Time,-7.0
130,4131,Glens Falls,NY,43.3095164,-73.6440058,104.66089630126949,Eastern Daylight Time,-4.0
131,4132,Grambling,LA,32.527650300000005,-92.7140402,92.74832153320312,Central Daylight Time,-5.0
132,4133,Grand Forks,ND,47.9252568,-97.0328547,252.96630859375,Central Daylight Time,-5.0
133,4134,Greeley,CO,40.42331420000001,-104.7091322,1424.012451171875,Mountain Daylight Time,-6.0
134,4135,Green Bay,WI,44.51915899999999,-88.019826,181.44610595703116,Central Daylight Time,-5.0
135,4136,Greensboro,NC,36.072635399999996,-79.79197540000001,251.0852508544922,Eastern Daylight Time,-4.0
136,4137,Greenville,MS,33.399661,-91.03770290000001,38.09271621704102,Central Daylight Time,-5.0
137,4138,Greenville,NC,35.612660999999996,-77.3663538,17.48263931274414,Eastern Daylight Time,-4.0
138,4139,Greenville,SC,34.85261759999999,-82.3940104,298.6752014160156,Eastern Daylight Time,-4.0
139,4140,Greenwood,MS,33.5162315,-90.1795281,41.108131408691406,Central Daylight Time,-5.0
140,4141,Gulfport,MS,30.367419800000004,-89.0928155,6.2060675621032715,Central Daylight Time,-5.0
141,4142,Hackensack,NJ,40.8859325,-74.0434736,6.160773754119872,Eastern Daylight Time,-4.0
142,4143,Hamden,CT,41.3838782,-72.9026064,21.53010749816895,Eastern Daylight Time,-4.0
143,4144,Hamilton,NY,42.8270136,-75.5446238,343.2666625976562,Eastern Daylight Time,-4.0
144,4145,Hammond,LA,30.5043583,-90.4611995,13.06888675689697,Central Daylight Time,-5.0
145,4146,Hampton,VA,37.0298687,-76.34522179999998,1.979974031448364,Eastern Daylight Time,-4.0
146,4147,Hanover,NH,43.7022451,-72.2895526,163.7394409179688,Eastern Daylight Time,-4.0
147,4148,Harrisonburg,VA,38.449568799999994,-78.8689155,408.2718811035156,Eastern Daylight Time,-4.0
148,4149,Hartford,CT,41.76371109999999,-72.6850932,16.13868522644043,Eastern Daylight Time,-4.0
149,4150,Hattiesburg,MS,31.327118900000002,-89.29033919999998,49.916481018066406,Central Daylight Time,-5.0
150,4151,Hempstead,NY,40.706212799999996,-73.6187397,17.04537010192871,Eastern Daylight Time,-4.0
151,4152,High Point,NC,35.955692299999995,-80.0053176,281.1091918945312,Eastern Daylight Time,-4.0
152,4153,Highland Heights,KY,39.033116899999996,-84.45188540000001,258.47286987304693,Eastern Daylight Time,-4.0
153,4154,Hoffman Estates,IL,42.062991499999995,-88.12271989999998,241.2194671630859,Central Daylight Time,-5.0
154,4155,Honolulu,HI,21.3069444,-157.8583333,5.22021484375,Hawaii-Aleutian Standard Time,-10.0
155,4156,Hot Springs,AR,34.50370039999999,-93.05517950000001,178.2125396728516,Central Daylight Time,-5.0
156,4157,Houston,TX,29.7604267,-95.36980279999999,14.566981315612788,Central Daylight Time,-5.0
157,4158,Huntington,WV,38.41924960000001,-82.44515400000002,172.42071533203116,Eastern Daylight Time,-4.0
158,4159,Huntsville,AL,34.730368799999994,-86.5861037,194.7049560546875,Central Daylight Time,-5.0
159,4160,Huntsville,TX,30.723526300000003,-95.5507771,113.95508575439449,Central Daylight Time,-5.0
160,4161,Indianapolis,IN,39.768403,-86.158068,222.7997283935547,Eastern Daylight Time,-4.0
161,4162,Iowa City,IA,41.6611277,-91.5301683,203.7541961669922,Central Daylight Time,-5.0
162,4163,Irvine,CA,33.6845673,-117.82650490000002,11.57025718688965,Pacific Daylight Time,-7.0
163,4164,Ithaca,NY,42.4439614,-76.5018807,119.56497192382808,Eastern Daylight Time,-4.0
164,4165,Itta Bena,MS,33.49512,-90.3198067,40.96720886230469,Central Daylight Time,-5.0
165,4166,Jackson,MS,32.298757300000005,-90.1848103,86.8384017944336,Central Daylight Time,-5.0
166,4167,Jacksonville,AL,33.8137125,-85.76135359999998,217.0318450927734,Central Daylight Time,-5.0
167,4168,Jacksonville,FL,30.3321838,-81.65565099999998,4.784560680389403,Eastern Daylight Time,-4.0
168,4169,Jersey City,NJ,40.72815749999999,-74.0776417,10.18675327301025,Eastern Daylight Time,-4.0
169,4170,Johnson City,TN,36.3134397,-82.35347270000001,499.8729553222656,Eastern Daylight Time,-4.0
170,4171,Johnstown,PA,40.32674069999999,-78.9219698,355.1664123535156,Eastern Daylight Time,-4.0
171,4172,Jonesboro,AR,35.84229670000001,-90.704279,98.1375503540039,Central Daylight Time,-5.0
172,4173,Kalamazoo,MI,42.291706899999994,-85.5872286,239.9346923828125,Eastern Daylight Time,-4.0
173,4174,Kansas City,MO,39.0997265,-94.5785667,273.54550170898443,Central Daylight Time,-5.0
174,4175,Katy,TX,29.7857853,-95.82439559999999,42.47363662719727,Central Daylight Time,-5.0
175,4176,Kennesaw,GA,34.023433700000005,-84.6154897,331.5713806152344,Eastern Daylight Time,-4.0
176,4177,Kent,OH,41.1536674,-81.3578859,324.2500610351562,Eastern Daylight Time,-4.0
177,4178,Kent,WA,47.380933500000005,-122.2348432,11.98078441619873,Pacific Daylight Time,-7.0
178,4179,Kingston,RI,41.48037910000001,-71.52255980000002,75.05209350585938,Eastern Daylight Time,-4.0
179,4180,Knoxville,TN,35.96063839999999,-83.9207392,275.6912841796875,Eastern Daylight Time,-4.0
180,4181,Lafayette,LA,30.2240897,-92.0198427,11.10337543487549,Central Daylight Time,-5.0
181,4182,Lahaina,HI,20.8783333,-156.6825,0.7471695542335509,Hawaii-Aleutian Standard Time,-10.0
182,4183,Lake Buena Vista,FL,28.3936186,-81.53868419999998,31.6673583984375,Eastern Daylight Time,-4.0
183,4184,Lake Charles,LA,30.226594899999995,-93.21737579999999,4.352334499359132,Central Daylight Time,-5.0
184,4185,Lakeland,FL,28.039465399999997,-81.9498042,59.45719909667969,Eastern Daylight Time,-4.0
185,4186,Laramie,WY,41.311366899999996,-105.5911007,2184.6279296875,Mountain Daylight Time,-6.0
186,4187,Las Cruces,NM,32.3199396,-106.7636538,1217.035522460938,Mountain Daylight Time,-6.0
187,4188,Las Vegas,NV,36.169941200000004,-115.13982959999998,611.3375244140625,Pacific Daylight Time,-7.0
188,4189,Lawrence,KS,38.971668900000004,-95.23525009999999,263.9754638671875,Central Daylight Time,-5.0
189,4190,Lawrenceville,NJ,40.3016375,-74.73610129999999,57.21894454956055,Eastern Daylight Time,-4.0
190,4191,Lewisburg,PA,40.964529299999995,-76.8844101,143.1148223876953,Eastern Daylight Time,-4.0
191,4192,Lewiston,NY,43.1919494,-78.9853813,105.73443603515621,Eastern Daylight Time,-4.0
192,4193,Lexington,KY,38.040583700000006,-84.50371640000002,291.1369323730469,Eastern Daylight Time,-4.0
193,4194,Lexington,VA,37.78402080000001,-79.4428157,320.1503295898438,Eastern Daylight Time,-4.0
194,4195,Lincoln,NE,40.8257625,-96.6851982,354.4519653320312,Central Daylight Time,-5.0
195,4196,Little Rock,AR,34.7464809,-92.2895948,102.18041229248051,Central Daylight Time,-5.0
196,4197,Logan,UT,41.7369803,-111.83383590000001,1379.9818115234382,Mountain Daylight Time,-6.0
197,4198,Long Beach,CA,33.770050399999995,-118.1937395,9.87485122680664,Pacific Daylight Time,-7.0
198,4199,Loretto,PA,40.5031263,-78.630296,591.2216186523438,Eastern Daylight Time,-4.0
199,4200,Lorman,MS,31.8204396,-91.0501057,66.67445373535156,Central Daylight Time,-5.0
200,4201,Los Angeles,CA,34.0522342,-118.24368490000002,86.84709167480469,Pacific Daylight Time,-7.0
201,4202,Loudonville,NY,42.704800899999995,-73.75484240000002,106.2772674560547,Eastern Daylight Time,-4.0
202,4203,Louisville,KY,38.252664700000004,-85.7584557,140.6603088378906,Eastern Daylight Time,-4.0
203,4204,Lowell,MA,42.633424700000006,-71.31617179999998,35.65705490112305,Eastern Daylight Time,-4.0
204,4205,Lubbock,TX,33.5778631,-101.85516650000001,975.9893798828124,Central Daylight Time,-5.0
205,4206,Lynchburg,VA,37.4137536,-79.14224639999998,195.8340911865234,Eastern Daylight Time,-4.0
206,4207,Macomb,IL,40.4592076,-90.6717971,212.3209228515625,Central Daylight Time,-5.0
207,4208,Macon,GA,32.8406946,-83.6324022,113.2749862670898,Eastern Daylight Time,-4.0
208,4209,Madison,WI,43.07305170000001,-89.4012302,266.2826538085938,Central Daylight Time,-5.0
209,4210,Malibu,CA,34.025921600000004,-118.7797571,36.968177795410156,Pacific Daylight Time,-7.0
210,4211,Manhattan,KS,39.18360819999999,-96.5716694,311.8172912597656,Central Daylight Time,-5.0
211,4212,Martin,TN,36.343396500000004,-88.85033790000001,125.670166015625,Central Daylight Time,-5.0
212,4213,Memphis,TN,35.1495343,-90.0489801,79.19601440429688,Central Daylight Time,-5.0
213,4214,Miami,FL,25.7616798,-80.1917902,0.5368872284889221,Eastern Daylight Time,-4.0
214,4215,Milwaukee,WI,43.0389025,-87.9064736,187.2318572998047,Central Daylight Time,-5.0
215,4216,Minneapolis,MN,44.977753,-93.2650108,254.7844543457031,Central Daylight Time,-5.0
216,4217,Missoula,MT,46.87871759999999,-113.99658600000001,977.0648193359376,Mountain Daylight Time,-6.0
217,4218,Mobile,AL,30.6953657,-88.0398912,1.4150216579437258,Central Daylight Time,-5.0
218,4219,Monroe,LA,32.5093109,-92.1193012,23.22146987915039,Central Daylight Time,-5.0
219,4220,Montgomery,AL,32.366805199999995,-86.2999689,72.94284057617188,Central Daylight Time,-5.0
220,4221,Moon Township,PA,40.51697670000001,-80.22134770000002,347.6758728027344,Eastern Daylight Time,-4.0
221,4222,Moraga,CA,37.8349263,-122.1296871,149.2892608642578,Pacific Daylight Time,-7.0
222,4223,Morehead,KY,38.1839705,-83.43268409999999,224.0564117431641,Eastern Daylight Time,-4.0
223,4224,Morgantown,WV,39.629526,-79.95589679999998,270.96609497070307,Eastern Daylight Time,-4.0
224,4225,Moscow,ID,46.73238749999999,-117.000165,787.0984497070312,Pacific Daylight Time,-7.0
225,4226,Mt. Pleasant,MI,43.59780749999999,-84.76751390000001,234.9934387207031,Eastern Daylight Time,-4.0
226,4227,Muncie,IN,40.1933767,-85.3863599,289.8502197265625,Eastern Daylight Time,-4.0
227,4228,Murfreesboro,TN,35.8456213,-86.39027,189.2773132324219,Central Daylight Time,-5.0
228,4229,Murray,KY,36.610333399999995,-88.31476099999998,164.3890991210938,Central Daylight Time,-5.0
229,4230,Myrtle Beach,SC,33.689060299999994,-78.8866943,8.438035011291504,Eastern Daylight Time,-4.0
230,4231,Nacogdoches,TX,31.603512899999995,-94.65548740000001,92.47804260253906,Central Daylight Time,-5.0
231,4232,Nampa,ID,43.5407172,-116.5634625,767.8910522460938,Mountain Daylight Time,-6.0
232,4233,Nashville,TN,36.1626638,-86.78160159999999,152.9394073486328,Central Daylight Time,-5.0
233,4234,Natchitoches,LA,31.7607195,-93.0862749,36.47224426269531,Central Daylight Time,-5.0
234,4235,New Britain,CT,41.6612104,-72.77954190000001,51.09162521362305,Eastern Daylight Time,-4.0
235,4236,New Haven,CT,41.308274,-72.9278835,12.35730648040771,Eastern Daylight Time,-4.0
236,4237,New Orleans,LA,29.95106579999999,-90.0715323,0.5217891335487366,Central Daylight Time,-5.0
237,4238,New Rochelle,NY,40.9114882,-73.78235490000002,25.88694953918457,Eastern Daylight Time,-4.0
238,4239,New York,NY,40.7127753,-74.0059728,10.44183826446533,Eastern Daylight Time,-4.0
239,4240,Newark,DE,39.6837226,-75.74965720000002,38.23302459716797,Eastern Daylight Time,-4.0
240,4241,Newark,NJ,40.735657,-74.1723667,9.807595252990724,Eastern Daylight Time,-4.0
241,4242,Niagara Falls,NY,43.0962143,-79.03773879999999,176.6798248291016,Eastern Daylight Time,-4.0
242,4243,Niceville,FL,30.516863899999997,-86.48217199999998,12.20206928253174,Central Daylight Time,-5.0
243,4244,Norfolk,VA,36.8507689,-76.28587259999998,4.641374111175537,Eastern Daylight Time,-4.0
244,4245,Normal,AL,34.78384090000001,-86.57222370000001,220.43218994140616,Central Daylight Time,-5.0
245,4246,Normal,IL,40.514202600000004,-88.99063120000001,246.02197265625,Central Daylight Time,-5.0
246,4247,Norman,OK,35.222566799999996,-97.4394777,359.0086669921875,Central Daylight Time,-5.0
247,4248,North Little Rock,AR,34.769535999999995,-92.2670941,83.15779876708984,Central Daylight Time,-5.0
248,4249,Northridge,CA,34.2381251,-118.530123,263.80380249023443,Pacific Daylight Time,-7.0
249,4250,Notre Dame,IN,41.7055716,-86.2353388,220.7359161376953,Eastern Daylight Time,-4.0
250,4251,Oakland,CA,37.8043637,-122.27111370000002,13.027480125427251,Pacific Daylight Time,-7.0
251,4252,Oakland City,IN,38.3386591,-87.3450132,139.9906005859375,Central Daylight Time,-5.0
252,4253,Ogden,UT,41.223,-111.9738304,1311.276123046875,Mountain Daylight Time,-6.0
253,4254,Oklahoma City,OK,35.4675602,-97.5164276,366.0434265136719,Central Daylight Time,-5.0
254,4255,Omaha,NE,41.25236339999999,-95.9979883,362.512451171875,Central Daylight Time,-5.0
255,4256,Orangeburg,SC,33.4918203,-80.8556476,73.92286682128906,Eastern Daylight Time,-4.0
256,4257,Orem,UT,40.2968979,-111.69464750000002,1452.274169921875,Mountain Daylight Time,-6.0
257,4258,Orlando,FL,28.5383355,-81.3792365,31.2812614440918,Eastern Daylight Time,-4.0
258,4259,Orono,ME,44.8831125,-68.6719411,38.1016845703125,Eastern Daylight Time,-4.0
259,4260,Oxford,MS,34.3664951,-89.51924840000001,156.1234436035156,Central Daylight Time,-5.0
260,4261,Oxford,OH,39.506997399999996,-84.74523099999998,280.8930053710938,Eastern Daylight Time,-4.0
261,4262,Paradise,NV,36.0971945,-115.14666480000001,626.1868896484375,Pacific Daylight Time,-7.0
262,4263,Paradise Island,BA,25.0821287,-77.3134431,9.70425796508789,Eastern Daylight Time,-4.0
263,4264,Pearl Harbor-Hickam,HI,21.348837200000002,-157.9435574,6.876280784606934,Hawaii-Aleutian Standard Time,-10.0
264,4265,Peoria,IL,40.6936488,-89.58898640000001,153.0057525634766,Central Daylight Time,-5.0
265,4266,Philadelphia,PA,39.9525839,-75.1652215,14.32654094696045,Eastern Daylight Time,-4.0
266,4267,Phoenix,AZ,33.4483771,-112.07403729999999,331.5245056152344,Mountain Standard Time,-7.0
267,4268,Pine Bluff,AR,34.2284312,-92.0031955,68.72623443603516,Central Daylight Time,-5.0
268,4269,Piscataway,NJ,40.554887,-74.4642861,19.98725891113281,Eastern Daylight Time,-4.0
269,4270,Pittsburgh,PA,40.44062479999999,-79.9958864,233.2363739013672,Eastern Daylight Time,-4.0
270,4271,Playa del Carmen,MX,20.6295586,-87.07388509999998,10.478559494018551,Central Standard Time,-6.0
271,4272,Pocatello,ID,42.8713032,-112.4455344,1360.20654296875,Mountain Daylight Time,-6.0
272,4273,Portland,ME,43.66147100000001,-70.2553259,16.044685363769528,Eastern Daylight Time,-4.0
273,4274,Portland,OR,45.523062200000005,-122.6764815,10.24579238891602,Pacific Daylight Time,-7.0
274,4275,Poughkeepsie,NY,41.7003713,-73.92097009999999,60.15327453613281,Eastern Daylight Time,-4.0
275,4276,Prairie View,TX,30.093273699999997,-95.98773390000001,83.11751556396484,Central Daylight Time,-5.0
276,4277,Presbyterian,SC,34.465182,-81.87755899999998,207.4977111816406,Eastern Daylight Time,-4.0
277,4278,Prescott Valley,AZ,34.6100243,-112.315721,1528.52490234375,Mountain Standard Time,-7.0
278,4279,Princess Anne,MD,38.2028993,-75.692427,4.806944847106934,Eastern Daylight Time,-4.0
279,4280,Princeton,NJ,40.3572976,-74.66722259999999,41.39227294921875,Eastern Daylight Time,-4.0
280,4281,Providence,RI,41.8239891,-71.4128343,2.790159702301025,Eastern Daylight Time,-4.0
281,4282,Provo,UT,40.233843799999995,-111.6585337,1386.9697265625,Mountain Daylight Time,-6.0
282,4283,Puerto Vallarta,MX,20.653407,-105.22533159999999,7.704025745391847,Central Standard Time,-6.0
283,4284,Pullman,WA,46.7297771,-117.18173770000001,715.9334716796875,Pacific Daylight Time,-7.0
284,4285,Queens,NY,40.7282239,-73.7948516,18.71355819702148,Eastern Daylight Time,-4.0
285,4286,Radford,VA,37.13179239999999,-80.5764477,569.87158203125,Eastern Daylight Time,-4.0
286,4287,Raleigh,NC,35.7795897,-78.6381787,105.6290054321289,Eastern Daylight Time,-4.0
287,4288,Ramstein-Miesenbach,GY,49.44995,7.565399999999999,248.6601867675781,Central European Standard Time,1.0
288,4289,Rapid City,SD,44.0805434,-103.2310149,987.7908325195312,Mountain Daylight Time,-6.0
289,4290,Reno,NV,39.529632899999996,-119.8138027,1371.919311523438,Pacific Daylight Time,-7.0
290,4291,Richmond,KY,37.747857200000006,-84.29465390000001,289.5526428222656,Eastern Daylight Time,-4.0
291,4292,Richmond,VA,37.540724600000004,-77.4360481,51.588157653808594,Eastern Daylight Time,-4.0
292,4293,Riverdale,NY,40.89408529999999,-73.91099770000001,48.99361038208008,Eastern Daylight Time,-4.0
293,4294,Riverside,CA,33.9533487,-117.3961564,252.8027648925781,Pacific Daylight Time,-7.0
294,4295,Rochester,MI,42.680588,-83.1338214,230.1312255859375,Eastern Daylight Time,-4.0
295,4296,Rochester,NY,43.16103,-77.61092190000001,153.6502838134766,Eastern Daylight Time,-4.0
296,4297,Rock Hill,SC,34.9248667,-81.02507840000001,206.3642730712891,Eastern Daylight Time,-4.0
297,4298,Rosemont,IL,41.98675069999999,-87.87216020000001,198.4229736328125,Central Daylight Time,-5.0
298,4299,Ruston,LA,32.5232053,-92.637927,101.3185882568359,Central Daylight Time,-5.0
299,4300,Sacramento,CA,38.5815719,-121.49439960000001,8.194785118103027,Pacific Daylight Time,-7.0
300,4301,Salt Lake City,UT,40.760779299999996,-111.89104740000002,1300.004516601562,Mountain Daylight Time,-6.0
301,4302,San Antonio,TX,29.4241219,-98.4936282,198.9276428222656,Central Daylight Time,-5.0
302,4303,San Diego,CA,32.715738,-117.1610838,15.224977493286131,Pacific Daylight Time,-7.0
303,4304,San Francisco,CA,37.7749295,-122.4194155,15.55781936645508,Pacific Daylight Time,-7.0
304,4305,San Jose,CA,37.338208200000004,-121.88632859999998,24.55533409118652,Pacific Daylight Time,-7.0
305,4306,San Juan,PR,18.465539399999997,-66.1057355,2.9999067783355713,Atlantic Standard Time,-4.0
306,4307,San Juan,PR,18.465539399999997,-66.1057355,2.9999067783355713,Atlantic Standard Time,-4.0
307,4308,San Luis Obispo,CA,35.2827524,-120.6596156,69.10917663574219,Pacific Daylight Time,-7.0
308,4309,San Marcos,TX,29.8832749,-97.9413941,189.8126220703125,Central Daylight Time,-5.0
309,4310,Santa Barbara,CA,34.4208305,-119.69819009999999,11.8902006149292,Pacific Daylight Time,-7.0
310,4311,Santa Clara,CA,37.354107899999995,-121.9552356,22.02380752563477,Pacific Daylight Time,-7.0
311,4312,Savannah,GA,32.0835407,-81.09983419999998,5.466666221618652,Eastern Daylight Time,-4.0
312,4313,Seattle,WA,47.6062095,-122.33207079999998,56.084815979003906,Pacific Daylight Time,-7.0
313,4314,Shanghai,CH,31.230390399999997,121.4737021,15.859853744506841,China Standard Time,8.0
314,4315,Shreveport,LA,32.5251516,-93.75017890000001,47.26740264892578,Central Daylight Time,-5.0
315,4316,Sioux Falls,SD,43.5445959,-96.7311034,443.0331726074219,Central Daylight Time,-5.0
316,4317,Smithfield,RI,41.9220496,-71.54951009999998,78.31209564208984,Eastern Daylight Time,-4.0
317,4318,South Bend,IN,41.676354499999995,-86.25198979999998,215.9745635986328,Eastern Daylight Time,-4.0
318,4319,South Korea,SK,35.907757000000004,127.766922,561.03466796875,Korean Standard Time,9.0
319,4320,South Orange,NJ,40.7489277,-74.26099029999999,42.45837020874023,Eastern Daylight Time,-4.0
320,4321,South Padre Island,TX,26.111840100000002,-97.1681257,1.122702479362488,Central Daylight Time,-5.0
321,4322,Southaven,MS,34.99185870000001,-90.0022958,101.7129669189453,Central Daylight Time,-5.0
322,4323,Spartanburg,SC,34.949567200000004,-81.93204820000001,245.4862976074219,Eastern Daylight Time,-4.0
323,4324,Spokane,WA,47.6587802,-117.42604650000001,571.0994873046875,Pacific Daylight Time,-7.0
324,4325,Springfield,IL,39.78172130000001,-89.6501481,183.11358642578116,Central Daylight Time,-5.0
325,4326,Springfield,MA,42.1014831,-72.589811,20.62252998352051,Eastern Daylight Time,-4.0
326,4327,Springfield,MO,37.20895720000001,-93.2922989,398.2716369628906,Central Daylight Time,-5.0
327,4328,St. Bonaventure,NY,42.0803426,-78.4750213,435.2680969238281,Eastern Daylight Time,-4.0
328,4329,St. Louis,MO,38.6270025,-90.1994042,140.9563293457031,Central Daylight Time,-5.0
329,4330,St. Thomas,VI,18.3380965,-64.8940946,49.19923400878906,Atlantic Standard Time,-4.0
330,4331,Stanford,CA,37.42410599999999,-122.1660756,29.29935455322266,Pacific Daylight Time,-7.0
331,4332,Starkville,MS,33.4503998,-88.81838719999998,102.18771362304692,Central Daylight Time,-5.0
332,4333,Staten Island,NY,40.579531700000004,-74.1502007,32.77705764770508,Eastern Daylight Time,-4.0
333,4334,Statesboro,GA,32.448787599999996,-81.78316740000001,77.67086791992188,Eastern Daylight Time,-4.0
334,4335,Stillwater,OK,36.1156071,-97.0583681,273.34347534179693,Central Daylight Time,-5.0
335,4336,Stockton,CA,37.9577016,-121.29077959999998,4.496073246002197,Pacific Daylight Time,-7.0
336,4337,Stony Brook,NY,40.92565379999999,-73.1409429,26.97613716125488,Eastern Daylight Time,-4.0
337,4338,Storrs,CT,41.8084314,-72.24952309999998,181.94775390625,Eastern Daylight Time,-4.0
338,4339,Sunrise,FL,26.1669711,-80.25659499999998,2.483451128005981,Eastern Daylight Time,-4.0
339,4340,Syracuse,NY,43.0481221,-76.14742439999998,121.3621368408203,Eastern Daylight Time,-4.0
340,4341,Tallahassee,FL,30.4382559,-84.28073289999998,62.17602157592773,Eastern Daylight Time,-4.0
341,4342,Tampa,FL,27.950575,-82.4571776,6.090157508850098,Eastern Daylight Time,-4.0
342,4343,Tempe,AZ,33.4255104,-111.9400054,354.3406982421875,Mountain Standard Time,-7.0
343,4344,Terre Haute,IN,39.4667034,-87.41390919999998,152.7464294433594,Eastern Daylight Time,-4.0
344,4345,Thibodaux,LA,29.795763300000004,-90.822871,3.82996392250061,Central Daylight Time,-5.0
345,4346,Toledo,OH,41.6639383,-83.55521200000003,186.06170654296884,Eastern Daylight Time,-4.0
346,4347,Tortola,VI,18.4334704,-64.63327819999999,292.7323913574219,Atlantic Standard Time,-4.0
347,4348,Towson,MD,39.4014955,-76.6019125,141.2901458740234,Eastern Daylight Time,-4.0
348,4349,Troy,AL,31.808767800000002,-85.969951,163.9822692871094,Central Daylight Time,-5.0
349,4350,Tucson,AZ,32.2217429,-110.926479,756.5394287109375,Mountain Standard Time,-7.0
350,4351,Tulsa,OK,36.1539816,-95.992775,218.9133148193359,Central Daylight Time,-5.0
351,4352,Tupelo,MS,34.2576066,-88.7033859,83.66314697265625,Central Daylight Time,-5.0
352,4353,Tuscaloosa,AL,33.2098407,-87.56917349999998,69.08901214599611,Central Daylight Time,-5.0
353,4354,Uncasville,CT,41.43169049999999,-72.11009449999999,24.80785369873047,Eastern Daylight Time,-4.0
354,4355,University Park,PA,40.8147955,-77.86531260000002,349.101318359375,Eastern Daylight Time,-4.0
355,4356,USAF Academy,CO,38.9983094,-104.86131759999999,2108.50048828125,Mountain Daylight Time,-6.0
356,4357,Valparaiso,IN,41.4730948,-87.0611412,242.7269287109375,Central Daylight Time,-5.0
357,4358,Vancouver,BC,49.282729100000005,-123.1207375,31.52193450927734,Pacific Daylight Time,-7.0
358,4359,Vermillion,SD,42.7794417,-96.9292104,372.484375,Central Daylight Time,-5.0
359,4360,Vestal,NY,42.0855898,-76.053575,252.1984100341797,Eastern Daylight Time,-4.0
360,4361,Villanova,PA,40.03758320000001,-75.3491813,121.60247802734379,Eastern Daylight Time,-4.0
361,4362,Waco,TX,31.549333,-97.1466695,143.4179992675781,Central Daylight Time,-5.0
362,4363,Washington,DC,38.9071923,-77.03687070000001,22.01889228820801,Eastern Daylight Time,-4.0
363,4364,West Hartford,CT,41.762084200000004,-72.74201509999999,38.78234481811523,Eastern Daylight Time,-4.0
364,4365,West Lafayette,IN,40.4258686,-86.90806549999998,185.9382781982422,Eastern Daylight Time,-4.0
365,4366,West Long Branch,NJ,40.2903891,-74.0176381,7.187990665435791,Eastern Daylight Time,-4.0
366,4367,West Point,NY,41.391482700000005,-73.95597210000003,47.37548446655273,Eastern Daylight Time,-4.0
367,4368,Wichita,KS,37.68717609999999,-97.330053,399.9556579589844,Central Daylight Time,-5.0
368,4369,Williamsburg,VA,37.2707022,-76.7074571,25.96640586853027,Eastern Daylight Time,-4.0
369,4370,Wilmington,NC,34.2257255,-77.9447102,11.22068977355957,Eastern Daylight Time,-4.0
370,4371,Winston-Salem,NC,36.09985959999999,-80.24421600000001,278.0033569335938,Eastern Daylight Time,-4.0
371,4372,Worcester,MA,42.262593200000005,-71.8022934,147.0316009521484,Eastern Daylight Time,-4.0
372,4373,Youngstown,OH,41.0997803,-80.6495194,261.49755859375,Eastern Daylight Time,-4.0
373,4374,Ypsilanti,MI,42.2411499,-83.61299389999998,221.179931640625,Eastern Daylight Time,-4.0
374,4375,Allston,MA,42.3539038,-71.13371120000001,13.346641540527338,Eastern Daylight Time,-4.0
375,4376,Biloxi,MS,30.396031800000003,-88.88530779999998,6.1678409576416025,Central Daylight Time,-5.0
376,4377,Binghampton,NY,42.09868669999999,-75.91797380000001,263.76736450195307,Eastern Daylight Time,-4.0
377,4378,Binghamton,NY,42.09868669999999,-75.91797380000001,263.76736450195307,Eastern Daylight Time,-4.0
378,4379,Cantonsville,MD,39.272050899999996,-76.73191609999998,145.4309997558594,Eastern Daylight Time,-4.0
379,4380,Colorado Springs,CO,38.8338816,-104.82136340000001,1831.0819091796882,Mountain Daylight Time,-6.0
380,4381,Columbia,MO,38.95170529999999,-92.33407240000001,215.634521484375,Central Daylight Time,-5.0
381,4382,Freeport,BA,26.5416093,-78.64554749999998,5.80519437789917,Eastern Daylight Time,-4.0
382,4383,Guaynabo,PR,18.3615548,-66.11106819999999,38.98093795776367,Atlantic Standard Time,-4.0
383,4384,Guilderland,NY,42.7043568,-73.9116433,63.69070434570312,Eastern Daylight Time,-4.0
384,4385,Laie,HI,21.6482858,-157.92255490000002,1.517265439033508,Hawaii-Aleutian Standard Time,-10.0
385,4386,Maui,HI,20.7983626,-156.3319253,660.7615356445312,Hawaii-Aleutian Standard Time,-10.0
386,4387,Moline,IL,41.5067003,-90.5151342,176.7171478271484,Central Daylight Time,-5.0
387,4388,Mount Pleasant,MI,43.59780749999999,-84.76751390000001,234.9934387207031,Eastern Daylight Time,-4.0
388,4389,New York City,NY,40.7127753,-74.0059728,10.44183826446533,Eastern Daylight Time,-4.0
389,4390,North Charleston,SC,32.8546197,-79.9748103,5.400674819946289,Eastern Daylight Time,-4.0
390,4391,Ocala,FL,29.187198600000002,-82.14009229999998,21.13623237609863,Eastern Daylight Time,-4.0
391,4392,Panama City,FL,30.158812899999997,-85.6602058,7.707507610321045,Central Daylight Time,-5.0
392,4393,Portsmouth,VA,36.835425799999996,-76.29827420000001,2.60088849067688,Eastern Daylight Time,-4.0
393,4394,Potatello,ID,42.8713032,-112.4455344,1360.20654296875,Mountain Daylight Time,-6.0
394,4395,Ralston,NE,41.200256599999996,-96.031987,323.7069091796875,Central Daylight Time,-5.0
395,4396,St. Charles,MO,38.7881062,-90.4974359,175.0492706298828,Central Daylight Time,-5.0
396,4397,Starksville,MS,33.4503998,-88.81838719999998,102.18771362304692,Central Daylight Time,-5.0
397,4398,Teaneck,NJ,40.8932469,-74.0116536,37.89851379394531,Eastern Daylight Time,-4.0
398,4399,Trujillo Alto,PR,18.3563169,-66.0033838,18.93695259094238,Atlantic Standard Time,-4.0
399,4400,Tuscon,AZ,32.2217429,-110.926479,756.5394287109375,Mountain Standard Time,-7.0
400,4401,University,MS,34.3659395,-89.52535970000001,152.5261077880859,Central Daylight Time,-5.0
401,4402,Upper Marlboro,MD,38.8159473,-76.74969089999998,8.071707725524902,Eastern Daylight Time,-4.0
402,4403,Wailuku,HI,20.8911111,-156.50472219999997,76.2506103515625,Hawaii-Aleutian Standard Time,-10.0
403,4404,Winter Park,FL,28.599999800000003,-81.33923519999998,29.532550811767578,Eastern Daylight Time,-4.0
404,4409,Uniondale,NY,40.7004,-73.5929,16.0,Eastern Daylight Time,-4.0
405,4407,Great Falls,MT,47.5053,-111.3008,1010.0,Mountain Daylight Time,-5.0
406,4413,Nassau,BA,25.0479835,-77.355413,6.0,Eastern Daylight Time,-4.0
407,4412,Montego Bay,JA,18.4762,-77.8939,12.0,Eastern Daylight Time,-4.0
408,4415,Grand Cayman,CI,19.3222,-81.2409,18.0,Eastern Daylight Time,-4.0
409,4408,Reading,PA,40.3356,-75.9269,93.0,Eastern Daylight Time,-4.0
410,4410,Belfast,IR,54.5973,-5.9301,80.0,British Summer Time,1.0
411,4416,Miami Shores,FL,25.8632,-80.1928,2.0,Eastern Daylight Time,-4.0
412,4406,Garden City,NY,40.7268,-73.6343,27.0,Eastern Daylight Time,-4.0
413,4417,Midland,MI,43.6156,-84.2472,194.0,Eastern Daylight Time,-4.0
414,4414,Frisco,TX,33.1507,-96.8236,236.0,Central Daylight Time,-5.0
415,4422,Bimini,BA,25.7333,-79.25,8.0,Eastern Daylight Time,-4.0
416,4446,Seaside,CA,36.6149,-121.8221,10.0,Pacific Daylight Time,-7.0
417,4447,Kissimmee,FL,28.292,-81.4076,15.0,Eastern Daylight Time,-4.0
418,4441,Niagara University,NY,43.1726,-79.0359,116.0,Eastern Daylight Time,-4.0
419,4448,Oakland,MI,42.5922,-83.3362,286.0,Eastern Daylight Time,-4.0
420,4444,Florence,AL,34.7998,-87.6773,167.0,Central Daylight Time,-5.0
421,4435,Kennewick,WA,46.2087,-119.1199,124.0,Pacific Daylight Time,-7.0
422,4449,St. Petersburg,FL,27.7676,-82.6403,13.0,Eastern Daylight Time,-4.0
423,4445,Georgetown,KY,38.2098,-84.5588,258.0,Eastern Daylight Time,-4.0
