Season,T1_TeamID,top_25_wins
2019,1101,0
2019,1102,0
2019,1103,0
2019,1104,2
2019,1105,0
2019,1106,0
2019,1107,0
2019,1108,0
2019,1110,0
2019,1111,0
2019,1112,1
2019,1113,2
2019,1114,0
2019,1115,0
2019,1116,1
2019,1117,0
2019,1119,0
2019,1120,3
2019,1122,0
2019,1123,0
2019,1124,3
2019,1125,0
2019,1126,0
2019,1127,0
2019,1129,0
2019,1130,2
2019,1131,0
2019,1132,1
2019,1133,0
2019,1135,0
2019,1136,0
2019,1137,0
2019,1138,0
2019,1139,0
2019,1140,0
2019,1141,0
2019,1142,0
2019,1143,0
2019,1144,0
2019,1145,0
2019,1146,0
2019,1148,0
2019,1149,0
2019,1150,0
2019,1151,0
2019,1152,0
2019,1153,1
2019,1154,0
2019,1155,1
2019,1156,0
2019,1157,0
2019,1158,0
2019,1159,0
2019,1160,0
2019,1161,0
2019,1162,0
2019,1163,0
2019,1164,0
2019,1165,0
2019,1166,0
2019,1167,0
2019,1168,0
2019,1169,0
2019,1170,0
2019,1171,0
2019,1172,0
2019,1173,0
2019,1174,0
2019,1175,0
2019,1176,0
2019,1177,0
2019,1178,0
2019,1179,0
2019,1180,0
2019,1181,9
2019,1182,0
2019,1183,0
2019,1184,0
2019,1185,0
2019,1186,0
2019,1187,0
2019,1188,0
2019,1189,0
2019,1190,0
2019,1191,0
2019,1192,0
2019,1193,0
2019,1194,0
2019,1195,0
2019,1196,2
2019,1197,0
2019,1198,0
2019,1199,6
2019,1200,0
2019,1201,0
2019,1202,0
2019,1203,0
2019,1204,0
2019,1205,0
2019,1206,0
2019,1207,0
2019,1208,0
2019,1209,0
2019,1210,0
2019,1211,1
2019,1212,0
2019,1213,0
2019,1214,0
2019,1216,0
2019,1217,0
2019,1218,0
2019,1219,0
2019,1220,0
2019,1221,0
2019,1222,1
2019,1223,0
2019,1224,0
2019,1225,0
2019,1226,0
2019,1227,0
2019,1228,1
2019,1229,0
2019,1230,0
2019,1231,4
2019,1232,0
2019,1233,0
2019,1234,2
2019,1235,3
2019,1236,0
2019,1237,0
2019,1238,0
2019,1239,0
2019,1240,0
2019,1241,0
2019,1242,5
2019,1243,3
2019,1244,0
2019,1245,0
2019,1246,8
2019,1247,0
2019,1248,0
2019,1249,0
2019,1250,0
2019,1251,0
2019,1252,0
2019,1253,0
2019,1254,0
2019,1255,0
2019,1256,0
2019,1257,3
2019,1258,0
2019,1259,0
2019,1260,0
2019,1261,4
2019,1262,0
2019,1263,0
2019,1264,0
2019,1265,0
2019,1266,3
2019,1267,0
2019,1268,2
2019,1269,0
2019,1270,0
2019,1271,0
2019,1272,0
2019,1273,0
2019,1274,0
2019,1275,0
2019,1276,3
2019,1277,6
2019,1278,3
2019,1279,3
2019,1280,2
2019,1281,0
2019,1282,0
2019,1283,0
2019,1284,0
2019,1285,0
2019,1286,0
2019,1287,0
2019,1288,0
2019,1290,0
2019,1291,0
2019,1292,0
2019,1293,0
2019,1294,0
2019,1295,0
2019,1296,1
2019,1297,0
2019,1298,0
2019,1299,0
2019,1300,0
2019,1301,1
2019,1303,0
2019,1304,0
2019,1305,0
2019,1306,0
2019,1307,0
2019,1308,0
2019,1309,0
2019,1310,0
2019,1311,0
2019,1312,0
2019,1313,0
2019,1314,8
2019,1315,0
2019,1316,0
2019,1317,0
2019,1318,0
2019,1319,0
2019,1320,0
2019,1321,0
2019,1322,0
2019,1323,1
2019,1324,0
2019,1325,0
2019,1326,0
2019,1328,2
2019,1329,1
2019,1330,0
2019,1331,0
2019,1332,0
2019,1333,0
2019,1334,0
2019,1335,0
2019,1336,2
2019,1337,0
2019,1338,2
2019,1339,0
2019,1340,0
2019,1341,0
2019,1342,0
2019,1343,0
2019,1344,0
2019,1345,2
2019,1346,0
2019,1347,0
2019,1348,0
2019,1349,0
2019,1350,0
2019,1351,0
2019,1352,0
2019,1353,0
2019,1354,0
2019,1355,0
2019,1356,0
2019,1357,0
2019,1358,0
2019,1359,0
2019,1360,0
2019,1361,0
2019,1362,0
2019,1363,0
2019,1364,0
2019,1365,0
2019,1366,0
2019,1367,0
2019,1368,0
2019,1369,0
2019,1370,0
2019,1371,1
2019,1372,0
2019,1373,0
2019,1374,0
2019,1375,0
2019,1376,2
2019,1377,0
2019,1378,0
2019,1379,0
2019,1380,0
2019,1381,0
2019,1382,0
2019,1383,0
2019,1384,0
2019,1385,0
2019,1386,0
2019,1387,0
2019,1388,1
2019,1389,0
2019,1390,0
2019,1391,0
2019,1392,0
2019,1393,2
2019,1394,0
2019,1395,2
2019,1396,1
2019,1397,6
2019,1398,0
2019,1399,0
2019,1400,4
2019,1401,0
2019,1402,0
2019,1403,2
2019,1404,0
2019,1405,0
2019,1406,0
2019,1407,0
2019,1408,0
2019,1409,0
2019,1410,0
2019,1411,0
2019,1412,0
2019,1413,0
2019,1414,0
2019,1415,0
2019,1416,1
2019,1417,0
2019,1418,0
2019,1419,0
2019,1420,0
2019,1421,0
2019,1422,0
2019,1423,0
2019,1424,0
2019,1425,0
2019,1426,0
2019,1427,0
2019,1428,0
2019,1429,0
2019,1430,0
2019,1431,0
2019,1433,0
2019,1434,0
2019,1435,0
2019,1436,0
2019,1437,1
2019,1438,7
2019,1439,2
2019,1440,0
2019,1441,0
2019,1442,0
2019,1443,1
2019,1444,0
2019,1447,0
2019,1448,0
2019,1449,0
2019,1450,0
2019,1451,0
2019,1452,3
2019,1453,0
2019,1454,0
2019,1455,0
2019,1456,0
2019,1457,0
2019,1458,1
2019,1459,0
2019,1460,0
2019,1461,0
2019,1462,0
2019,1463,0
2019,1464,0
2019,1465,0
2019,1466,0
2018,1101,0
2018,1102,0
2018,1103,0
2018,1104,2
2018,1105,0
2018,1106,0
2018,1107,0
2018,1108,0
2018,1110,0
2018,1111,0
2018,1112,0
2018,1113,2
2018,1114,0
2018,1115,0
2018,1116,2
2018,1117,0
2018,1119,0
2018,1120,2
2018,1122,0
2018,1123,0
2018,1124,2
2018,1125,0
2018,1126,0
2018,1127,0
2018,1129,0
2018,1130,1
2018,1131,0
2018,1132,0
2018,1133,0
2018,1135,0
2018,1136,0
2018,1137,0
2018,1138,0
2018,1139,2
2018,1140,0
2018,1141,0
2018,1142,0
2018,1143,0
2018,1144,0
2018,1145,0
2018,1146,0
2018,1148,0
2018,1149,0
2018,1150,0
2018,1151,0
2018,1152,0
2018,1153,3
2018,1154,0
2018,1155,3
2018,1156,0
2018,1157,0
2018,1158,0
2018,1159,0
2018,1160,0
2018,1161,0
2018,1162,0
2018,1163,0
2018,1164,0
2018,1165,0
2018,1166,2
2018,1167,0
2018,1168,0
2018,1169,0
2018,1170,0
2018,1171,0
2018,1172,0
2018,1173,0
2018,1174,0
2018,1175,0
2018,1176,0
2018,1177,0
2018,1178,0
2018,1179,0
2018,1180,1
2018,1181,4
2018,1182,0
2018,1183,0
2018,1184,0
2018,1185,0
2018,1186,0
2018,1187,0
2018,1188,0
2018,1189,0
2018,1190,0
2018,1191,0
2018,1192,0
2018,1193,0
2018,1194,0
2018,1195,0
2018,1196,4
2018,1197,0
2018,1198,0
2018,1199,3
2018,1200,0
2018,1201,0
2018,1202,0
2018,1203,0
2018,1204,0
2018,1205,0
2018,1206,0
2018,1207,1
2018,1208,3
2018,1209,0
2018,1210,0
2018,1211,1
2018,1212,0
2018,1213,0
2018,1214,0
2018,1216,0
2018,1217,0
2018,1218,0
2018,1219,0
2018,1220,0
2018,1221,0
2018,1222,3
2018,1223,0
2018,1224,0
2018,1225,0
2018,1226,0
2018,1227,0
2018,1228,0
2018,1229,0
2018,1230,0
2018,1231,1
2018,1232,0
2018,1233,0
2018,1234,0
2018,1235,2
2018,1236,0
2018,1237,0
2018,1238,0
2018,1239,0
2018,1240,0
2018,1241,0
2018,1242,5
2018,1243,0
2018,1244,0
2018,1245,0
2018,1246,2
2018,1247,0
2018,1248,0
2018,1249,0
2018,1250,0
2018,1251,0
2018,1252,0
2018,1253,0
2018,1254,0
2018,1255,0
2018,1256,0
2018,1257,0
2018,1258,0
2018,1259,0
2018,1260,1
2018,1261,2
2018,1262,0
2018,1263,0
2018,1264,0
2018,1265,0
2018,1266,0
2018,1267,0
2018,1268,2
2018,1269,0
2018,1270,0
2018,1271,0
2018,1272,1
2018,1273,0
2018,1274,1
2018,1275,0
2018,1276,5
2018,1277,3
2018,1278,1
2018,1279,1
2018,1280,0
2018,1281,2
2018,1282,0
2018,1283,0
2018,1284,0
2018,1285,0
2018,1286,0
2018,1287,0
2018,1288,0
2018,1290,0
2018,1291,0
2018,1292,0
2018,1293,0
2018,1294,0
2018,1295,0
2018,1296,0
2018,1297,0
2018,1298,0
2018,1299,0
2018,1300,0
2018,1301,4
2018,1303,0
2018,1304,2
2018,1305,0
2018,1306,0
2018,1307,0
2018,1308,0
2018,1309,0
2018,1310,0
2018,1311,0
2018,1312,0
2018,1313,0
2018,1314,6
2018,1315,0
2018,1316,0
2018,1317,0
2018,1318,0
2018,1319,0
2018,1320,0
2018,1321,2
2018,1322,0
2018,1323,1
2018,1324,0
2018,1325,0
2018,1326,3
2018,1328,3
2018,1329,4
2018,1330,0
2018,1331,0
2018,1332,0
2018,1333,0
2018,1334,0
2018,1335,0
2018,1336,3
2018,1337,0
2018,1338,0
2018,1339,0
2018,1340,0
2018,1341,0
2018,1342,0
2018,1343,0
2018,1344,4
2018,1345,5
2018,1346,0
2018,1347,0
2018,1348,0
2018,1349,0
2018,1350,0
2018,1351,1
2018,1352,0
2018,1353,0
2018,1354,0
2018,1355,0
2018,1356,0
2018,1357,0
2018,1358,0
2018,1359,0
2018,1360,0
2018,1361,1
2018,1362,0
2018,1363,0
2018,1364,0
2018,1365,0
2018,1366,0
2018,1367,0
2018,1368,0
2018,1369,0
2018,1370,0
2018,1371,3
2018,1372,0
2018,1373,0
2018,1374,1
2018,1375,0
2018,1376,2
2018,1377,0
2018,1378,0
2018,1379,0
2018,1380,0
2018,1381,0
2018,1382,0
2018,1383,0
2018,1384,0
2018,1385,3
2018,1386,0
2018,1387,0
2018,1388,1
2018,1389,0
2018,1390,0
2018,1391,0
2018,1392,0
2018,1393,1
2018,1394,0
2018,1395,1
2018,1396,2
2018,1397,4
2018,1398,0
2018,1399,0
2018,1400,3
2018,1401,3
2018,1402,0
2018,1403,2
2018,1404,0
2018,1405,0
2018,1406,0
2018,1407,0
2018,1408,1
2018,1409,0
2018,1410,0
2018,1411,0
2018,1412,0
2018,1413,0
2018,1414,0
2018,1415,0
2018,1416,0
2018,1417,1
2018,1418,0
2018,1419,0
2018,1420,0
2018,1421,0
2018,1422,0
2018,1423,0
2018,1424,0
2018,1425,0
2018,1426,0
2018,1427,0
2018,1428,0
2018,1429,0
2018,1430,0
2018,1431,0
2018,1433,0
2018,1434,0
2018,1435,1
2018,1436,0
2018,1437,6
2018,1438,5
2018,1439,4
2018,1440,0
2018,1441,0
2018,1442,0
2018,1443,1
2018,1444,0
2018,1447,0
2018,1448,0
2018,1449,1
2018,1450,0
2018,1451,0
2018,1452,3
2018,1453,0
2018,1454,0
2018,1455,2
2018,1456,0
2018,1457,0
2018,1458,2
2018,1459,1
2018,1460,0
2018,1461,0
2018,1462,3
2018,1463,0
2018,1464,0
2017,1101,0
2017,1102,0
2017,1103,0
2017,1104,0
2017,1105,0
2017,1106,0
2017,1107,0
2017,1108,0
2017,1110,0
2017,1111,0
2017,1112,3
2017,1113,0
2017,1114,0
2017,1115,0
2017,1116,0
2017,1117,0
2017,1119,0
2017,1120,0
2017,1122,0
2017,1123,0
2017,1124,6
2017,1125,0
2017,1126,0
2017,1127,0
2017,1129,1
2017,1130,0
2017,1131,0
2017,1132,0
2017,1133,0
2017,1135,0
2017,1136,0
2017,1137,0
2017,1138,0
2017,1139,4
2017,1140,1
2017,1141,0
2017,1142,0
2017,1143,0
2017,1144,0
2017,1145,0
2017,1146,0
2017,1148,0
2017,1149,0
2017,1150,0
2017,1151,0
2017,1152,0
2017,1153,2
2017,1154,0
2017,1155,0
2017,1156,0
2017,1157,0
2017,1158,0
2017,1159,0
2017,1160,1
2017,1161,0
2017,1162,0
2017,1163,0
2017,1164,0
2017,1165,0
2017,1166,1
2017,1167,0
2017,1168,0
2017,1169,0
2017,1170,0
2017,1171,0
2017,1172,0
2017,1173,0
2017,1174,0
2017,1175,0
2017,1176,0
2017,1177,0
2017,1178,0
2017,1179,0
2017,1180,0
2017,1181,5
2017,1182,0
2017,1183,0
2017,1184,0
2017,1185,0
2017,1186,0
2017,1187,0
2017,1188,0
2017,1189,0
2017,1190,0
2017,1191,0
2017,1192,0
2017,1193,0
2017,1194,0
2017,1195,0
2017,1196,1
2017,1197,0
2017,1198,0
2017,1199,4
2017,1200,0
2017,1201,0
2017,1202,0
2017,1203,0
2017,1204,0
2017,1205,0
2017,1206,0
2017,1207,1
2017,1208,0
2017,1209,0
2017,1210,1
2017,1211,6
2017,1212,0
2017,1213,0
2017,1214,0
2017,1216,0
2017,1217,0
2017,1218,0
2017,1219,0
2017,1220,0
2017,1221,0
2017,1222,0
2017,1223,0
2017,1224,0
2017,1225,0
2017,1226,0
2017,1227,0
2017,1228,1
2017,1229,1
2017,1230,0
2017,1231,2
2017,1232,0
2017,1233,0
2017,1234,4
2017,1235,6
2017,1236,0
2017,1237,0
2017,1238,0
2017,1239,0
2017,1240,0
2017,1241,0
2017,1242,8
2017,1243,4
2017,1244,0
2017,1245,0
2017,1246,2
2017,1247,0
2017,1248,0
2017,1249,0
2017,1250,0
2017,1251,0
2017,1252,0
2017,1253,0
2017,1254,0
2017,1255,0
2017,1256,0
2017,1257,4
2017,1258,0
2017,1259,0
2017,1260,0
2017,1261,0
2017,1262,0
2017,1263,0
2017,1264,0
2017,1265,0
2017,1266,1
2017,1267,0
2017,1268,2
2017,1269,0
2017,1270,0
2017,1271,0
2017,1272,0
2017,1273,0
2017,1274,3
2017,1275,0
2017,1276,5
2017,1277,3
2017,1278,2
2017,1279,0
2017,1280,0
2017,1281,0
2017,1282,0
2017,1283,0
2017,1284,0
2017,1285,0
2017,1286,0
2017,1287,0
2017,1288,0
2017,1290,0
2017,1291,0
2017,1292,0
2017,1293,0
2017,1294,0
2017,1295,0
2017,1296,0
2017,1297,0
2017,1298,0
2017,1299,0
2017,1300,0
2017,1301,1
2017,1303,0
2017,1304,1
2017,1305,0
2017,1306,0
2017,1307,0
2017,1308,0
2017,1309,0
2017,1310,0
2017,1311,0
2017,1312,0
2017,1313,0
2017,1314,5
2017,1315,0
2017,1316,0
2017,1317,0
2017,1318,0
2017,1319,0
2017,1320,0
2017,1321,2
2017,1322,0
2017,1323,2
2017,1324,0
2017,1325,0
2017,1326,2
2017,1328,1
2017,1329,2
2017,1330,0
2017,1331,0
2017,1332,2
2017,1333,0
2017,1334,0
2017,1335,0
2017,1336,0
2017,1337,0
2017,1338,1
2017,1339,0
2017,1340,0
2017,1341,0
2017,1342,0
2017,1343,0
2017,1344,0
2017,1345,1
2017,1346,0
2017,1347,0
2017,1348,1
2017,1349,0
2017,1350,0
2017,1351,0
2017,1352,0
2017,1353,0
2017,1354,0
2017,1355,0
2017,1356,0
2017,1357,0
2017,1358,0
2017,1359,0
2017,1360,0
2017,1361,0
2017,1362,0
2017,1363,0
2017,1364,0
2017,1365,0
2017,1366,0
2017,1367,0
2017,1368,0
2017,1369,0
2017,1370,0
2017,1371,0
2017,1372,0
2017,1373,0
2017,1374,2
2017,1375,0
2017,1376,2
2017,1377,0
2017,1378,0
2017,1379,0
2017,1380,0
2017,1381,0
2017,1382,0
2017,1383,0
2017,1384,0
2017,1385,0
2017,1386,0
2017,1387,0
2017,1388,0
2017,1389,0
2017,1390,0
2017,1391,0
2017,1392,0
2017,1393,2
2017,1394,0
2017,1395,2
2017,1396,1
2017,1397,1
2017,1398,0
2017,1399,0
2017,1400,2
2017,1401,0
2017,1402,0
2017,1403,2
2017,1404,0
2017,1405,0
2017,1406,0
2017,1407,0
2017,1408,0
2017,1409,0
2017,1410,0
2017,1411,0
2017,1412,0
2017,1413,0
2017,1414,0
2017,1415,0
2017,1416,1
2017,1417,4
2017,1418,0
2017,1419,0
2017,1420,0
2017,1421,0
2017,1422,0
2017,1423,0
2017,1424,0
2017,1425,2
2017,1426,1
2017,1427,0
2017,1428,0
2017,1429,0
2017,1430,0
2017,1431,0
2017,1433,0
2017,1434,0
2017,1435,4
2017,1436,0
2017,1437,2
2017,1438,3
2017,1439,3
2017,1440,0
2017,1441,0
2017,1442,0
2017,1443,0
2017,1444,0
2017,1447,0
2017,1448,1
2017,1449,0
2017,1450,0
2017,1451,0
2017,1452,6
2017,1453,0
2017,1454,0
2017,1455,0
2017,1456,0
2017,1457,0
2017,1458,1
2017,1459,0
2017,1460,0
2017,1461,0
2017,1462,0
2017,1463,0
2017,1464,0
2016,1101,0
2016,1102,0
2016,1103,0
2016,1104,2
2016,1105,0
2016,1106,0
2016,1107,0
2016,1108,0
2016,1110,0
2016,1111,0
2016,1112,1
2016,1113,1
2016,1114,0
2016,1115,0
2016,1116,1
2016,1117,0
2016,1119,0
2016,1120,1
2016,1122,0
2016,1123,0
2016,1124,2
2016,1125,0
2016,1126,0
2016,1127,0
2016,1129,1
2016,1130,0
2016,1131,0
2016,1132,0
2016,1133,0
2016,1135,0
2016,1136,0
2016,1137,0
2016,1138,0
2016,1139,1
2016,1140,1
2016,1141,0
2016,1142,0
2016,1143,2
2016,1144,0
2016,1145,0
2016,1146,0
2016,1148,0
2016,1149,0
2016,1150,0
2016,1151,0
2016,1152,0
2016,1153,1
2016,1154,0
2016,1155,3
2016,1156,0
2016,1157,0
2016,1158,0
2016,1159,0
2016,1160,2
2016,1161,0
2016,1162,0
2016,1163,1
2016,1164,0
2016,1165,0
2016,1166,1
2016,1167,0
2016,1168,0
2016,1169,0
2016,1170,0
2016,1171,0
2016,1172,0
2016,1173,0
2016,1174,0
2016,1175,0
2016,1176,0
2016,1177,0
2016,1178,0
2016,1179,0
2016,1180,0
2016,1181,4
2016,1182,0
2016,1183,0
2016,1184,0
2016,1185,0
2016,1186,0
2016,1187,0
2016,1188,0
2016,1189,0
2016,1190,0
2016,1191,0
2016,1192,0
2016,1193,0
2016,1194,0
2016,1195,0
2016,1196,1
2016,1197,0
2016,1198,0
2016,1199,1
2016,1200,0
2016,1201,0
2016,1202,0
2016,1203,1
2016,1204,0
2016,1205,0
2016,1206,0
2016,1207,1
2016,1208,0
2016,1209,0
2016,1210,1
2016,1211,0
2016,1212,0
2016,1213,0
2016,1214,0
2016,1216,0
2016,1217,0
2016,1218,0
2016,1219,0
2016,1220,0
2016,1221,0
2016,1222,1
2016,1223,0
2016,1224,0
2016,1225,0
2016,1226,0
2016,1227,0
2016,1228,1
2016,1229,1
2016,1230,0
2016,1231,2
2016,1232,0
2016,1233,0
2016,1234,5
2016,1235,2
2016,1236,0
2016,1237,0
2016,1238,0
2016,1239,0
2016,1240,0
2016,1241,0
2016,1242,6
2016,1243,1
2016,1244,0
2016,1245,0
2016,1246,3
2016,1247,0
2016,1248,0
2016,1249,0
2016,1250,0
2016,1251,0
2016,1252,0
2016,1253,0
2016,1254,0
2016,1255,0
2016,1256,0
2016,1257,2
2016,1258,0
2016,1259,0
2016,1260,0
2016,1261,2
2016,1262,0
2016,1263,0
2016,1264,0
2016,1265,0
2016,1266,0
2016,1267,0
2016,1268,1
2016,1269,0
2016,1270,0
2016,1271,0
2016,1272,0
2016,1273,0
2016,1274,3
2016,1275,0
2016,1276,3
2016,1277,6
2016,1278,1
2016,1279,0
2016,1280,0
2016,1281,0
2016,1282,0
2016,1283,0
2016,1284,0
2016,1285,0
2016,1286,0
2016,1287,0
2016,1288,0
2016,1290,0
2016,1291,0
2016,1292,0
2016,1293,0
2016,1294,0
2016,1295,0
2016,1296,0
2016,1297,0
2016,1298,0
2016,1299,0
2016,1300,0
2016,1301,1
2016,1303,0
2016,1304,1
2016,1305,0
2016,1306,0
2016,1307,0
2016,1308,0
2016,1309,0
2016,1310,0
2016,1311,0
2016,1312,0
2016,1313,0
2016,1314,4
2016,1315,0
2016,1316,0
2016,1317,0
2016,1318,1
2016,1319,0
2016,1320,4
2016,1321,0
2016,1322,0
2016,1323,4
2016,1324,0
2016,1325,0
2016,1326,1
2016,1328,5
2016,1329,1
2016,1330,0
2016,1331,0
2016,1332,2
2016,1333,1
2016,1334,0
2016,1335,0
2016,1336,1
2016,1337,0
2016,1338,1
2016,1339,0
2016,1340,0
2016,1341,0
2016,1342,0
2016,1343,0
2016,1344,2
2016,1345,2
2016,1346,0
2016,1347,0
2016,1348,0
2016,1349,0
2016,1350,0
2016,1351,0
2016,1352,0
2016,1353,0
2016,1354,0
2016,1355,0
2016,1356,0
2016,1357,0
2016,1358,0
2016,1359,0
2016,1360,0
2016,1361,0
2016,1362,0
2016,1363,0
2016,1364,0
2016,1365,0
2016,1366,0
2016,1367,0
2016,1368,0
2016,1369,0
2016,1370,0
2016,1371,4
2016,1372,0
2016,1373,0
2016,1374,1
2016,1375,0
2016,1376,1
2016,1377,0
2016,1378,0
2016,1379,0
2016,1380,0
2016,1381,0
2016,1382,0
2016,1383,0
2016,1384,0
2016,1385,0
2016,1386,0
2016,1387,0
2016,1388,2
2016,1389,0
2016,1390,1
2016,1391,0
2016,1392,0
2016,1393,2
2016,1394,0
2016,1395,0
2016,1396,1
2016,1397,1
2016,1398,0
2016,1399,0
2016,1400,5
2016,1401,3
2016,1402,0
2016,1403,2
2016,1404,0
2016,1405,0
2016,1406,0
2016,1407,0
2016,1408,0
2016,1409,2
2016,1410,0
2016,1411,0
2016,1412,0
2016,1413,0
2016,1414,0
2016,1415,0
2016,1416,0
2016,1417,3
2016,1418,0
2016,1419,0
2016,1420,0
2016,1421,0
2016,1422,0
2016,1423,0
2016,1424,2
2016,1425,2
2016,1426,0
2016,1427,0
2016,1428,2
2016,1429,0
2016,1430,0
2016,1431,0
2016,1433,0
2016,1434,0
2016,1435,2
2016,1436,0
2016,1437,1
2016,1438,7
2016,1439,2
2016,1440,0
2016,1441,0
2016,1442,0
2016,1443,0
2016,1444,0
2016,1447,0
2016,1448,1
2016,1449,0
2016,1450,0
2016,1451,0
2016,1452,4
2016,1453,0
2016,1454,0
2016,1455,0
2016,1456,0
2016,1457,0
2016,1458,3
2016,1459,0
2016,1460,0
2016,1461,0
2016,1462,1
2016,1463,0
2016,1464,0
2015,1101,0
2015,1102,0
2015,1103,0
2015,1104,0
2015,1105,0
2015,1106,0
2015,1107,0
2015,1108,0
2015,1110,0
2015,1111,0
2015,1112,3
2015,1113,1
2015,1114,0
2015,1115,0
2015,1116,0
2015,1117,0
2015,1119,0
2015,1120,1
2015,1122,0
2015,1123,0
2015,1124,3
2015,1125,0
2015,1126,0
2015,1127,0
2015,1129,0
2015,1130,0
2015,1131,0
2015,1132,0
2015,1133,0
2015,1135,0
2015,1136,0
2015,1137,0
2015,1138,0
2015,1139,3
2015,1140,1
2015,1141,0
2015,1142,0
2015,1143,0
2015,1144,0
2015,1145,0
2015,1146,0
2015,1148,0
2015,1149,0
2015,1150,0
2015,1151,0
2015,1152,0
2015,1153,0
2015,1154,0
2015,1155,0
2015,1156,0
2015,1157,0
2015,1158,0
2015,1159,0
2015,1160,0
2015,1161,0
2015,1162,0
2015,1163,0
2015,1164,0
2015,1165,0
2015,1166,2
2015,1167,0
2015,1168,0
2015,1169,0
2015,1170,0
2015,1171,0
2015,1172,0
2015,1173,0
2015,1174,0
2015,1175,0
2015,1176,0
2015,1177,1
2015,1178,0
2015,1179,0
2015,1180,0
2015,1181,7
2015,1182,0
2015,1183,0
2015,1184,0
2015,1185,0
2015,1186,0
2015,1187,0
2015,1188,0
2015,1189,0
2015,1190,0
2015,1191,1
2015,1192,0
2015,1193,0
2015,1194,0
2015,1195,0
2015,1196,0
2015,1197,0
2015,1198,0
2015,1199,0
2015,1200,0
2015,1201,0
2015,1202,0
2015,1203,1
2015,1204,0
2015,1205,0
2015,1206,0
2015,1207,3
2015,1208,0
2015,1209,0
2015,1210,0
2015,1211,0
2015,1213,0
2015,1214,0
2015,1216,0
2015,1217,0
2015,1218,0
2015,1219,0
2015,1220,0
2015,1221,0
2015,1222,0
2015,1223,0
2015,1224,0
2015,1225,0
2015,1226,0
2015,1227,0
2015,1228,2
2015,1229,1
2015,1230,0
2015,1231,2
2015,1232,0
2015,1233,0
2015,1234,3
2015,1235,4
2015,1236,0
2015,1237,0
2015,1238,0
2015,1239,0
2015,1240,0
2015,1241,0
2015,1242,8
2015,1243,5
2015,1244,0
2015,1245,0
2015,1246,3
2015,1247,0
2015,1248,0
2015,1249,0
2015,1250,0
2015,1251,0
2015,1252,0
2015,1253,1
2015,1254,0
2015,1255,0
2015,1256,0
2015,1257,3
2015,1258,0
2015,1259,0
2015,1260,0
2015,1261,0
2015,1262,0
2015,1263,0
2015,1264,0
2015,1265,0
2015,1266,0
2015,1267,0
2015,1268,4
2015,1269,0
2015,1270,0
2015,1271,0
2015,1272,0
2015,1273,0
2015,1274,1
2015,1275,0
2015,1276,1
2015,1277,2
2015,1278,1
2015,1279,0
2015,1280,0
2015,1281,0
2015,1282,0
2015,1283,0
2015,1284,0
2015,1285,0
2015,1286,0
2015,1287,0
2015,1288,0
2015,1290,0
2015,1291,0
2015,1292,0
2015,1293,0
2015,1294,0
2015,1295,0
2015,1296,0
2015,1297,0
2015,1298,0
2015,1299,0
2015,1300,0
2015,1301,3
2015,1303,0
2015,1304,1
2015,1305,0
2015,1306,0
2015,1307,0
2015,1308,0
2015,1309,0
2015,1310,0
2015,1311,0
2015,1312,0
2015,1313,0
2015,1314,4
2015,1315,0
2015,1316,0
2015,1317,0
2015,1318,0
2015,1319,0
2015,1320,1
2015,1321,0
2015,1322,0
2015,1323,6
2015,1324,0
2015,1325,0
2015,1326,0
2015,1328,4
2015,1329,3
2015,1330,0
2015,1331,0
2015,1332,2
2015,1333,1
2015,1334,0
2015,1335,0
2015,1336,0
2015,1337,0
2015,1338,2
2015,1339,0
2015,1340,0
2015,1341,0
2015,1342,0
2015,1343,0
2015,1344,5
2015,1345,1
2015,1346,0
2015,1347,0
2015,1348,0
2015,1349,0
2015,1350,0
2015,1351,0
2015,1352,0
2015,1353,1
2015,1354,0
2015,1355,0
2015,1356,0
2015,1357,0
2015,1358,0
2015,1359,0
2015,1360,0
2015,1361,1
2015,1362,0
2015,1364,0
2015,1365,0
2015,1366,0
2015,1367,0
2015,1368,0
2015,1369,0
2015,1370,0
2015,1371,2
2015,1372,0
2015,1373,0
2015,1374,0
2015,1375,0
2015,1376,1
2015,1377,0
2015,1378,0
2015,1379,0
2015,1380,0
2015,1381,0
2015,1382,0
2015,1383,0
2015,1384,0
2015,1385,3
2015,1386,0
2015,1387,0
2015,1388,0
2015,1389,0
2015,1390,0
2015,1391,0
2015,1392,0
2015,1393,2
2015,1394,0
2015,1395,0
2015,1396,1
2015,1397,1
2015,1398,0
2015,1399,0
2015,1400,1
2015,1401,0
2015,1402,0
2015,1403,1
2015,1404,0
2015,1405,0
2015,1406,0
2015,1407,0
2015,1408,0
2015,1409,0
2015,1410,0
2015,1411,1
2015,1412,0
2015,1413,0
2015,1414,0
2015,1415,0
2015,1416,0
2015,1417,1
2015,1418,0
2015,1419,0
2015,1420,0
2015,1421,0
2015,1422,0
2015,1423,0
2015,1424,1
2015,1425,0
2015,1426,0
2015,1427,0
2015,1428,1
2015,1429,0
2015,1430,0
2015,1431,1
2015,1433,1
2015,1434,0
2015,1435,0
2015,1436,0
2015,1437,6
2015,1438,3
2015,1439,0
2015,1440,0
2015,1441,0
2015,1442,0
2015,1443,0
2015,1444,0
2015,1447,0
2015,1448,0
2015,1449,2
2015,1450,0
2015,1451,0
2015,1452,2
2015,1453,0
2015,1454,0
2015,1455,1
2015,1456,0
2015,1457,0
2015,1458,5
2015,1459,0
2015,1460,0
2015,1461,0
2015,1462,5
2015,1463,0
2015,1464,0
2014,1101,0
2014,1102,0
2014,1103,0
2014,1104,0
2014,1105,0
2014,1106,0
2014,1107,0
2014,1108,0
2014,1110,0
2014,1111,0
2014,1112,4
2014,1113,1
2014,1114,0
2014,1115,0
2014,1116,2
2014,1117,0
2014,1119,0
2014,1120,0
2014,1122,0
2014,1123,0
2014,1124,4
2014,1125,0
2014,1126,0
2014,1127,0
2014,1129,0
2014,1130,1
2014,1131,0
2014,1132,0
2014,1133,0
2014,1135,0
2014,1136,0
2014,1137,0
2014,1138,0
2014,1139,0
2014,1140,1
2014,1141,0
2014,1142,0
2014,1143,1
2014,1144,0
2014,1145,0
2014,1146,0
2014,1148,0
2014,1149,0
2014,1150,1
2014,1151,0
2014,1152,0
2014,1153,3
2014,1154,0
2014,1155,1
2014,1156,0
2014,1157,0
2014,1158,0
2014,1159,0
2014,1160,1
2014,1161,0
2014,1162,0
2014,1163,1
2014,1164,0
2014,1165,0
2014,1166,2
2014,1167,0
2014,1168,0
2014,1169,0
2014,1170,0
2014,1171,0
2014,1172,0
2014,1173,1
2014,1174,0
2014,1175,0
2014,1176,0
2014,1177,0
2014,1178,0
2014,1179,0
2014,1180,0
2014,1181,5
2014,1182,0
2014,1183,0
2014,1184,0
2014,1185,0
2014,1186,0
2014,1187,0
2014,1188,0
2014,1189,0
2014,1190,0
2014,1191,0
2014,1192,0
2014,1193,0
2014,1194,0
2014,1195,0
2014,1196,7
2014,1197,0
2014,1198,0
2014,1199,2
2014,1200,0
2014,1201,0
2014,1202,0
2014,1203,2
2014,1204,0
2014,1205,0
2014,1206,0
2014,1207,3
2014,1208,0
2014,1209,0
2014,1210,1
2014,1211,0
2014,1212,0
2014,1213,0
2014,1214,0
2014,1216,0
2014,1217,0
2014,1218,0
2014,1219,0
2014,1220,0
2014,1221,0
2014,1222,1
2014,1223,0
2014,1224,0
2014,1225,0
2014,1226,0
2014,1227,0
2014,1228,2
2014,1229,0
2014,1230,0
2014,1231,4
2014,1232,0
2014,1233,0
2014,1234,2
2014,1235,5
2014,1236,0
2014,1237,0
2014,1238,0
2014,1239,0
2014,1240,0
2014,1241,0
2014,1242,5
2014,1243,4
2014,1244,0
2014,1245,0
2014,1246,2
2014,1247,0
2014,1248,0
2014,1249,0
2014,1250,0
2014,1251,0
2014,1252,0
2014,1253,0
2014,1254,0
2014,1255,0
2014,1256,0
2014,1257,3
2014,1258,0
2014,1259,0
2014,1260,0
2014,1261,1
2014,1262,0
2014,1263,0
2014,1264,0
2014,1265,0
2014,1266,0
2014,1267,0
2014,1268,1
2014,1269,1
2014,1270,0
2014,1271,0
2014,1272,4
2014,1273,0
2014,1274,0
2014,1275,0
2014,1276,6
2014,1277,6
2014,1278,3
2014,1279,0
2014,1280,0
2014,1281,2
2014,1282,0
2014,1283,0
2014,1284,0
2014,1285,0
2014,1286,0
2014,1287,0
2014,1288,0
2014,1290,0
2014,1291,0
2014,1292,0
2014,1293,0
2014,1294,0
2014,1295,0
2014,1296,0
2014,1297,0
2014,1298,0
2014,1299,0
2014,1300,0
2014,1301,3
2014,1303,0
2014,1304,3
2014,1305,0
2014,1306,0
2014,1307,2
2014,1308,0
2014,1309,0
2014,1310,0
2014,1311,0
2014,1312,0
2014,1313,0
2014,1314,5
2014,1315,0
2014,1316,0
2014,1317,0
2014,1318,0
2014,1319,0
2014,1320,1
2014,1321,2
2014,1322,0
2014,1323,1
2014,1324,0
2014,1325,0
2014,1326,3
2014,1328,3
2014,1329,1
2014,1330,0
2014,1331,0
2014,1332,2
2014,1333,1
2014,1334,0
2014,1335,0
2014,1336,2
2014,1337,0
2014,1338,0
2014,1339,1
2014,1340,0
2014,1341,0
2014,1342,0
2014,1343,0
2014,1344,2
2014,1345,0
2014,1346,0
2014,1347,0
2014,1348,0
2014,1349,0
2014,1350,0
2014,1351,0
2014,1352,0
2014,1353,0
2014,1354,0
2014,1355,0
2014,1356,0
2014,1357,0
2014,1358,0
2014,1359,0
2014,1360,1
2014,1361,2
2014,1362,0
2014,1363,0
2014,1364,0
2014,1365,0
2014,1366,0
2014,1367,0
2014,1368,0
2014,1369,0
2014,1370,0
2014,1371,1
2014,1372,0
2014,1373,0
2014,1374,2
2014,1375,0
2014,1376,1
2014,1377,0
2014,1378,0
2014,1379,0
2014,1380,0
2014,1381,0
2014,1382,0
2014,1383,0
2014,1384,0
2014,1385,1
2014,1386,2
2014,1387,1
2014,1388,0
2014,1389,0
2014,1390,2
2014,1391,0
2014,1392,0
2014,1393,4
2014,1394,0
2014,1395,0
2014,1396,0
2014,1397,1
2014,1398,0
2014,1399,0
2014,1400,3
2014,1401,2
2014,1402,0
2014,1403,1
2014,1404,0
2014,1405,0
2014,1406,0
2014,1407,0
2014,1408,0
2014,1409,0
2014,1410,0
2014,1411,0
2014,1412,0
2014,1413,0
2014,1414,0
2014,1415,0
2014,1416,0
2014,1417,1
2014,1418,0
2014,1419,0
2014,1420,0
2014,1421,0
2014,1422,0
2014,1423,0
2014,1424,0
2014,1425,0
2014,1426,0
2014,1427,0
2014,1428,1
2014,1429,0
2014,1430,0
2014,1431,1
2014,1433,1
2014,1434,0
2014,1435,1
2014,1436,0
2014,1437,2
2014,1438,4
2014,1439,0
2014,1440,0
2014,1441,0
2014,1442,0
2014,1443,0
2014,1444,0
2014,1447,0
2014,1448,1
2014,1449,0
2014,1450,1
2014,1451,0
2014,1452,2
2014,1453,1
2014,1454,0
2014,1455,1
2014,1456,0
2014,1457,0
2014,1458,6
2014,1459,0
2014,1460,0
2014,1461,1
2014,1462,2
2014,1463,0
2014,1464,0
2013,1102,1
2013,1103,0
2013,1104,0
2013,1105,0
2013,1106,0
2013,1107,0
2013,1108,0
2013,1110,0
2013,1111,0
2013,1112,2
2013,1113,0
2013,1114,0
2013,1115,0
2013,1116,1
2013,1117,0
2013,1119,0
2013,1120,0
2013,1122,0
2013,1123,0
2013,1124,1
2013,1125,0
2013,1126,0
2013,1127,0
2013,1129,2
2013,1130,0
2013,1131,0
2013,1132,0
2013,1133,0
2013,1135,0
2013,1136,0
2013,1137,0
2013,1138,0
2013,1139,2
2013,1140,0
2013,1141,0
2013,1142,0
2013,1143,1
2013,1144,0
2013,1145,0
2013,1146,0
2013,1148,0
2013,1149,0
2013,1150,0
2013,1151,0
2013,1152,0
2013,1153,1
2013,1154,0
2013,1155,0
2013,1156,0
2013,1157,0
2013,1158,0
2013,1159,0
2013,1160,2
2013,1161,0
2013,1162,0
2013,1163,2
2013,1164,0
2013,1165,0
2013,1166,3
2013,1167,0
2013,1168,0
2013,1169,0
2013,1170,0
2013,1171,0
2013,1172,0
2013,1173,0
2013,1174,0
2013,1175,0
2013,1176,0
2013,1177,0
2013,1178,0
2013,1179,1
2013,1180,0
2013,1181,5
2013,1182,0
2013,1183,0
2013,1184,0
2013,1185,0
2013,1186,0
2013,1187,0
2013,1188,0
2013,1189,0
2013,1190,0
2013,1191,2
2013,1192,0
2013,1193,0
2013,1194,0
2013,1195,1
2013,1196,1
2013,1197,0
2013,1198,0
2013,1199,0
2013,1200,0
2013,1201,0
2013,1202,0
2013,1203,0
2013,1204,0
2013,1205,0
2013,1206,0
2013,1207,3
2013,1208,0
2013,1209,0
2013,1210,2
2013,1211,3
2013,1214,0
2013,1216,0
2013,1217,0
2013,1218,0
2013,1219,0
2013,1220,0
2013,1221,0
2013,1222,0
2013,1223,0
2013,1224,0
2013,1225,0
2013,1226,0
2013,1227,1
2013,1228,5
2013,1229,1
2013,1231,7
2013,1232,3
2013,1233,0
2013,1234,2
2013,1235,0
2013,1236,0
2013,1237,0
2013,1238,0
2013,1239,0
2013,1240,0
2013,1241,0
2013,1242,2
2013,1243,1
2013,1244,0
2013,1245,0
2013,1246,1
2013,1247,1
2013,1248,0
2013,1249,0
2013,1250,0
2013,1251,0
2013,1252,0
2013,1253,0
2013,1254,0
2013,1255,0
2013,1256,0
2013,1257,3
2013,1258,0
2013,1259,0
2013,1260,0
2013,1261,0
2013,1263,0
2013,1264,0
2013,1265,0
2013,1266,5
2013,1267,0
2013,1268,2
2013,1269,0
2013,1270,0
2013,1271,0
2013,1272,0
2013,1273,0
2013,1274,2
2013,1275,0
2013,1276,4
2013,1277,6
2013,1278,3
2013,1279,1
2013,1280,0
2013,1281,2
2013,1282,0
2013,1283,0
2013,1284,0
2013,1285,0
2013,1286,0
2013,1287,0
2013,1288,0
2013,1290,0
2013,1291,0
2013,1292,0
2013,1293,0
2013,1294,0
2013,1295,0
2013,1296,0
2013,1297,0
2013,1298,0
2013,1299,0
2013,1300,0
2013,1301,1
2013,1303,0
2013,1304,1
2013,1305,0
2013,1306,0
2013,1307,4
2013,1308,0
2013,1309,0
2013,1310,0
2013,1311,0
2013,1312,0
2013,1313,0
2013,1314,0
2013,1315,0
2013,1316,0
2013,1317,0
2013,1318,0
2013,1319,0
2013,1320,3
2013,1321,1
2013,1322,0
2013,1323,2
2013,1324,0
2013,1325,0
2013,1326,7
2013,1328,1
2013,1329,1
2013,1330,0
2013,1331,0
2013,1332,1
2013,1333,0
2013,1334,1
2013,1335,0
2013,1336,1
2013,1337,0
2013,1338,2
2013,1339,0
2013,1340,0
2013,1341,0
2013,1342,0
2013,1343,0
2013,1344,0
2013,1345,2
2013,1346,0
2013,1347,0
2013,1348,1
2013,1349,0
2013,1350,1
2013,1351,0
2013,1352,0
2013,1353,1
2013,1354,0
2013,1355,1
2013,1356,1
2013,1357,0
2013,1358,0
2013,1359,0
2013,1360,0
2013,1361,2
2013,1362,0
2013,1363,0
2013,1364,0
2013,1365,1
2013,1366,0
2013,1367,0
2013,1368,0
2013,1369,0
2013,1370,0
2013,1371,0
2013,1372,0
2013,1373,0
2013,1374,0
2013,1375,0
2013,1376,0
2013,1377,0
2013,1378,1
2013,1379,0
2013,1380,0
2013,1381,0
2013,1382,0
2013,1383,0
2013,1384,0
2013,1385,0
2013,1386,0
2013,1387,3
2013,1388,1
2013,1389,0
2013,1390,0
2013,1391,0
2013,1392,0
2013,1393,3
2013,1394,0
2013,1395,1
2013,1396,3
2013,1397,2
2013,1398,0
2013,1399,0
2013,1400,0
2013,1401,0
2013,1402,0
2013,1403,0
2013,1404,0
2013,1405,0
2013,1406,0
2013,1407,0
2013,1408,0
2013,1409,0
2013,1410,0
2013,1411,0
2013,1412,0
2013,1413,0
2013,1414,0
2013,1415,0
2013,1416,0
2013,1417,3
2013,1418,0
2013,1419,0
2013,1420,0
2013,1421,0
2013,1422,0
2013,1423,0
2013,1424,3
2013,1425,1
2013,1426,0
2013,1427,0
2013,1428,0
2013,1429,0
2013,1430,0
2013,1431,0
2013,1433,0
2013,1434,0
2013,1435,0
2013,1436,0
2013,1437,3
2013,1438,2
2013,1439,0
2013,1440,0
2013,1441,0
2013,1442,0
2013,1443,0
2013,1444,0
2013,1447,0
2013,1448,1
2013,1449,1
2013,1450,0
2013,1451,0
2013,1452,0
2013,1453,0
2013,1454,0
2013,1455,2
2013,1456,0
2013,1457,0
2013,1458,6
2013,1459,0
2013,1460,0
2013,1461,0
2013,1462,1
2013,1463,0
2013,1464,0
2012,1102,0
2012,1103,0
2012,1104,1
2012,1105,0
2012,1106,0
2012,1107,0
2012,1108,0
2012,1110,0
2012,1111,0
2012,1112,0
2012,1113,0
2012,1114,0
2012,1115,0
2012,1116,2
2012,1117,0
2012,1119,0
2012,1120,0
2012,1122,0
2012,1123,0
2012,1124,1
2012,1125,0
2012,1126,0
2012,1127,0
2012,1129,0
2012,1130,0
2012,1131,0
2012,1132,0
2012,1133,0
2012,1135,0
2012,1136,0
2012,1137,0
2012,1138,0
2012,1139,0
2012,1140,1
2012,1141,0
2012,1142,0
2012,1143,0
2012,1144,0
2012,1145,0
2012,1146,0
2012,1148,0
2012,1149,0
2012,1150,0
2012,1151,0
2012,1152,0
2012,1153,5
2012,1154,0
2012,1155,0
2012,1156,1
2012,1157,0
2012,1158,0
2012,1159,0
2012,1160,0
2012,1161,1
2012,1162,0
2012,1163,0
2012,1164,0
2012,1165,0
2012,1166,1
2012,1167,0
2012,1168,0
2012,1169,0
2012,1170,0
2012,1171,0
2012,1172,1
2012,1173,1
2012,1174,0
2012,1175,0
2012,1176,0
2012,1177,0
2012,1178,0
2012,1179,1
2012,1180,0
2012,1181,4
2012,1182,0
2012,1183,0
2012,1184,0
2012,1185,0
2012,1186,0
2012,1187,0
2012,1188,0
2012,1189,0
2012,1190,0
2012,1191,0
2012,1192,0
2012,1193,0
2012,1194,0
2012,1195,0
2012,1196,1
2012,1197,0
2012,1198,0
2012,1199,4
2012,1200,0
2012,1201,0
2012,1202,0
2012,1203,0
2012,1204,0
2012,1205,0
2012,1206,0
2012,1207,4
2012,1208,1
2012,1209,0
2012,1210,0
2012,1211,0
2012,1212,0
2012,1214,0
2012,1216,0
2012,1217,0
2012,1218,0
2012,1219,0
2012,1220,0
2012,1221,0
2012,1222,0
2012,1223,0
2012,1224,0
2012,1225,0
2012,1226,0
2012,1227,0
2012,1228,3
2012,1229,1
2012,1231,4
2012,1232,1
2012,1233,0
2012,1234,4
2012,1235,2
2012,1236,0
2012,1237,0
2012,1238,0
2012,1239,0
2012,1240,0
2012,1241,0
2012,1242,5
2012,1243,3
2012,1244,0
2012,1245,0
2012,1246,8
2012,1247,0
2012,1248,0
2012,1249,0
2012,1250,0
2012,1251,0
2012,1252,0
2012,1253,0
2012,1254,0
2012,1255,0
2012,1256,0
2012,1257,3
2012,1258,1
2012,1259,0
2012,1260,0
2012,1261,1
2012,1263,0
2012,1264,0
2012,1265,0
2012,1266,3
2012,1267,0
2012,1268,0
2012,1269,1
2012,1270,0
2012,1271,0
2012,1272,0
2012,1273,0
2012,1274,1
2012,1275,0
2012,1276,5
2012,1277,8
2012,1278,1
2012,1279,0
2012,1280,1
2012,1281,4
2012,1282,0
2012,1283,0
2012,1284,0
2012,1285,0
2012,1286,0
2012,1287,0
2012,1288,0
2012,1290,0
2012,1291,0
2012,1292,0
2012,1293,1
2012,1294,0
2012,1295,0
2012,1296,0
2012,1298,0
2012,1299,0
2012,1300,0
2012,1301,0
2012,1303,0
2012,1304,1
2012,1305,0
2012,1306,0
2012,1307,1
2012,1308,1
2012,1310,0
2012,1311,0
2012,1312,0
2012,1313,0
2012,1314,3
2012,1315,0
2012,1316,0
2012,1317,0
2012,1318,0
2012,1319,0
2012,1320,0
2012,1321,1
2012,1322,0
2012,1323,3
2012,1324,0
2012,1325,0
2012,1326,7
2012,1328,0
2012,1329,1
2012,1330,0
2012,1331,0
2012,1332,0
2012,1333,0
2012,1334,0
2012,1335,0
2012,1336,0
2012,1337,0
2012,1338,1
2012,1339,0
2012,1340,0
2012,1341,0
2012,1342,0
2012,1343,0
2012,1344,1
2012,1345,1
2012,1346,0
2012,1347,0
2012,1348,1
2012,1349,0
2012,1350,0
2012,1351,0
2012,1352,0
2012,1353,1
2012,1354,0
2012,1355,0
2012,1356,0
2012,1357,0
2012,1358,0
2012,1359,0
2012,1360,0
2012,1361,1
2012,1362,1
2012,1363,0
2012,1364,0
2012,1365,1
2012,1366,0
2012,1367,0
2012,1368,0
2012,1369,0
2012,1370,0
2012,1371,1
2012,1372,0
2012,1373,0
2012,1374,0
2012,1375,0
2012,1376,0
2012,1377,0
2012,1378,1
2012,1379,1
2012,1380,0
2012,1381,0
2012,1382,0
2012,1383,0
2012,1384,0
2012,1385,0
2012,1386,0
2012,1387,0
2012,1388,2
2012,1389,0
2012,1390,0
2012,1391,0
2012,1392,0
2012,1393,5
2012,1394,0
2012,1395,1
2012,1396,3
2012,1397,3
2012,1398,0
2012,1399,0
2012,1400,0
2012,1401,0
2012,1402,0
2012,1403,0
2012,1404,0
2012,1405,0
2012,1406,0
2012,1407,0
2012,1408,0
2012,1409,0
2012,1410,0
2012,1411,0
2012,1412,0
2012,1413,0
2012,1414,0
2012,1415,0
2012,1416,1
2012,1417,0
2012,1418,0
2012,1419,0
2012,1420,0
2012,1421,0
2012,1422,0
2012,1423,0
2012,1424,2
2012,1425,0
2012,1426,0
2012,1427,0
2012,1428,0
2012,1429,0
2012,1430,0
2012,1431,1
2012,1433,0
2012,1434,0
2012,1435,3
2012,1436,0
2012,1437,0
2012,1438,1
2012,1439,0
2012,1440,0
2012,1441,0
2012,1442,0
2012,1443,0
2012,1444,0
2012,1447,0
2012,1448,0
2012,1449,0
2012,1450,0
2012,1451,0
2012,1452,1
2012,1453,0
2012,1454,0
2012,1455,0
2012,1456,0
2012,1457,0
2012,1458,3
2012,1459,0
2012,1460,0
2012,1461,0
2012,1462,2
2012,1463,0
2012,1464,0
2011,1102,0
2011,1103,0
2011,1104,1
2011,1105,0
2011,1106,0
2011,1107,0
2011,1108,0
2011,1110,0
2011,1111,0
2011,1112,1
2011,1113,0
2011,1114,0
2011,1115,0
2011,1116,1
2011,1117,0
2011,1119,0
2011,1120,0
2011,1122,0
2011,1123,0
2011,1124,0
2011,1125,0
2011,1126,0
2011,1127,0
2011,1129,0
2011,1130,0
2011,1131,0
2011,1132,0
2011,1133,0
2011,1135,0
2011,1136,0
2011,1137,0
2011,1138,0
2011,1139,0
2011,1140,4
2011,1141,0
2011,1142,0
2011,1143,0
2011,1144,0
2011,1145,0
2011,1146,0
2011,1147,0
2011,1148,0
2011,1149,0
2011,1150,0
2011,1151,0
2011,1152,0
2011,1153,1
2011,1154,0
2011,1155,0
2011,1156,0
2011,1157,0
2011,1158,0
2011,1159,0
2011,1160,1
2011,1161,0
2011,1162,0
2011,1163,6
2011,1164,0
2011,1165,0
2011,1166,0
2011,1167,0
2011,1168,0
2011,1169,0
2011,1170,0
2011,1171,0
2011,1172,0
2011,1173,0
2011,1174,0
2011,1175,0
2011,1176,0
2011,1177,0
2011,1178,0
2011,1179,0
2011,1180,1
2011,1181,2
2011,1182,0
2011,1183,0
2011,1184,0
2011,1185,0
2011,1186,0
2011,1187,0
2011,1188,0
2011,1189,0
2011,1190,0
2011,1191,0
2011,1192,0
2011,1193,0
2011,1194,0
2011,1195,0
2011,1196,1
2011,1197,0
2011,1198,0
2011,1199,1
2011,1200,0
2011,1201,0
2011,1202,0
2011,1203,0
2011,1204,0
2011,1205,0
2011,1206,0
2011,1207,3
2011,1208,1
2011,1209,0
2011,1210,1
2011,1211,0
2011,1212,0
2011,1214,0
2011,1216,0
2011,1217,0
2011,1218,0
2011,1219,0
2011,1220,0
2011,1221,0
2011,1222,0
2011,1223,0
2011,1224,0
2011,1225,1
2011,1226,0
2011,1227,1
2011,1228,2
2011,1229,0
2011,1231,1
2011,1232,0
2011,1233,0
2011,1234,1
2011,1235,0
2011,1236,0
2011,1237,0
2011,1238,0
2011,1239,1
2011,1240,0
2011,1241,0
2011,1242,2
2011,1243,2
2011,1244,0
2011,1245,0
2011,1246,5
2011,1247,0
2011,1248,0
2011,1249,0
2011,1250,0
2011,1251,0
2011,1252,0
2011,1253,0
2011,1254,0
2011,1255,0
2011,1256,0
2011,1257,6
2011,1258,0
2011,1259,0
2011,1260,0
2011,1261,0
2011,1263,0
2011,1264,0
2011,1265,0
2011,1266,5
2011,1267,1
2011,1268,0
2011,1269,0
2011,1270,0
2011,1271,0
2011,1272,0
2011,1273,0
2011,1274,1
2011,1275,0
2011,1276,1
2011,1277,4
2011,1278,3
2011,1279,1
2011,1280,1
2011,1281,1
2011,1282,0
2011,1283,0
2011,1284,0
2011,1285,0
2011,1286,0
2011,1287,0
2011,1288,0
2011,1290,0
2011,1291,0
2011,1292,0
2011,1293,0
2011,1294,0
2011,1295,0
2011,1296,0
2011,1298,0
2011,1299,0
2011,1300,0
2011,1301,0
2011,1304,1
2011,1305,0
2011,1306,0
2011,1307,2
2011,1308,0
2011,1310,0
2011,1311,0
2011,1312,0
2011,1313,0
2011,1314,2
2011,1315,0
2011,1316,0
2011,1317,0
2011,1318,0
2011,1319,0
2011,1320,0
2011,1321,1
2011,1322,0
2011,1323,7
2011,1324,0
2011,1325,0
2011,1326,5
2011,1328,0
2011,1329,0
2011,1330,0
2011,1331,0
2011,1332,1
2011,1333,2
2011,1334,0
2011,1335,0
2011,1336,3
2011,1337,0
2011,1338,6
2011,1339,0
2011,1340,0
2011,1341,0
2011,1342,0
2011,1343,0
2011,1344,1
2011,1345,4
2011,1346,0
2011,1347,0
2011,1348,0
2011,1349,0
2011,1350,1
2011,1351,0
2011,1352,0
2011,1353,0
2011,1354,0
2011,1355,0
2011,1356,0
2011,1357,0
2011,1358,0
2011,1359,0
2011,1360,0
2011,1361,1
2011,1362,0
2011,1363,0
2011,1364,0
2011,1365,0
2011,1366,0
2011,1367,0
2011,1368,0
2011,1369,0
2011,1370,0
2011,1371,1
2011,1372,0
2011,1373,0
2011,1374,0
2011,1375,0
2011,1376,1
2011,1377,0
2011,1378,0
2011,1379,0
2011,1380,0
2011,1381,0
2011,1382,0
2011,1383,0
2011,1384,0
2011,1385,6
2011,1386,0
2011,1387,0
2011,1388,0
2011,1389,0
2011,1390,1
2011,1391,0
2011,1392,0
2011,1393,4
2011,1394,0
2011,1395,0
2011,1396,0
2011,1397,1
2011,1398,0
2011,1399,0
2011,1400,3
2011,1401,1
2011,1402,0
2011,1403,0
2011,1404,0
2011,1405,0
2011,1406,0
2011,1407,0
2011,1408,0
2011,1409,0
2011,1410,0
2011,1411,0
2011,1412,0
2011,1413,0
2011,1414,0
2011,1415,0
2011,1416,1
2011,1417,2
2011,1418,0
2011,1419,0
2011,1420,0
2011,1421,0
2011,1422,0
2011,1423,0
2011,1424,1
2011,1425,3
2011,1426,0
2011,1427,0
2011,1428,0
2011,1429,0
2011,1430,0
2011,1431,0
2011,1433,0
2011,1434,0
2011,1435,2
2011,1436,0
2011,1437,4
2011,1438,0
2011,1439,1
2011,1440,0
2011,1441,0
2011,1442,0
2011,1443,0
2011,1444,0
2011,1447,0
2011,1448,0
2011,1449,2
2011,1450,2
2011,1451,0
2011,1452,5
2011,1453,0
2011,1454,0
2011,1455,0
2011,1456,0
2011,1457,0
2011,1458,3
2011,1459,0
2011,1460,0
2011,1461,0
2011,1462,0
2011,1463,0
2011,1464,0
2010,1102,0
2010,1103,0
2010,1104,1
2010,1105,0
2010,1106,0
2010,1107,0
2010,1108,0
2010,1110,0
2010,1111,0
2010,1112,1
2010,1113,0
2010,1114,0
2010,1115,0
2010,1116,0
2010,1117,0
2010,1119,0
2010,1120,0
2010,1122,0
2010,1123,0
2010,1124,6
2010,1125,0
2010,1126,0
2010,1127,0
2010,1129,0
2010,1130,0
2010,1131,0
2010,1132,0
2010,1133,0
2010,1135,0
2010,1136,0
2010,1137,0
2010,1138,0
2010,1139,2
2010,1140,0
2010,1141,0
2010,1142,0
2010,1143,0
2010,1144,0
2010,1145,0
2010,1146,0
2010,1147,0
2010,1148,0
2010,1149,0
2010,1150,1
2010,1151,0
2010,1152,0
2010,1153,1
2010,1154,0
2010,1155,2
2010,1156,0
2010,1157,0
2010,1158,0
2010,1159,0
2010,1160,1
2010,1161,0
2010,1162,0
2010,1163,3
2010,1164,0
2010,1165,0
2010,1166,0
2010,1167,0
2010,1168,0
2010,1169,0
2010,1170,0
2010,1171,0
2010,1172,0
2010,1173,1
2010,1174,0
2010,1175,0
2010,1176,0
2010,1177,1
2010,1178,0
2010,1179,0
2010,1180,0
2010,1181,1
2010,1182,0
2010,1183,0
2010,1184,0
2010,1185,0
2010,1186,0
2010,1187,0
2010,1188,0
2010,1189,0
2010,1190,0
2010,1191,0
2010,1192,0
2010,1193,0
2010,1194,0
2010,1195,0
2010,1196,1
2010,1197,0
2010,1198,0
2010,1199,1
2010,1200,0
2010,1201,0
2010,1202,0
2010,1203,0
2010,1204,0
2010,1205,0
2010,1206,0
2010,1207,6
2010,1208,0
2010,1209,0
2010,1210,2
2010,1211,1
2010,1212,0
2010,1214,0
2010,1216,0
2010,1217,0
2010,1218,0
2010,1219,0
2010,1220,0
2010,1221,0
2010,1222,0
2010,1223,0
2010,1224,0
2010,1225,0
2010,1226,0
2010,1227,0
2010,1228,3
2010,1229,0
2010,1231,0
2010,1232,0
2010,1233,0
2010,1234,0
2010,1235,1
2010,1236,0
2010,1237,0
2010,1238,0
2010,1239,0
2010,1240,0
2010,1241,0
2010,1242,11
2010,1243,6
2010,1244,0
2010,1245,0
2010,1246,0
2010,1247,0
2010,1248,0
2010,1249,0
2010,1250,0
2010,1251,0
2010,1252,0
2010,1253,1
2010,1254,0
2010,1255,0
2010,1256,1
2010,1257,2
2010,1258,0
2010,1259,0
2010,1260,0
2010,1261,0
2010,1263,0
2010,1264,0
2010,1265,0
2010,1266,3
2010,1267,0
2010,1268,1
2010,1269,0
2010,1270,0
2010,1271,0
2010,1272,0
2010,1273,0
2010,1274,0
2010,1275,0
2010,1276,1
2010,1277,2
2010,1278,5
2010,1279,1
2010,1280,0
2010,1281,2
2010,1282,0
2010,1283,0
2010,1284,0
2010,1285,0
2010,1286,0
2010,1287,0
2010,1288,0
2010,1290,0
2010,1291,0
2010,1292,0
2010,1293,0
2010,1294,0
2010,1295,0
2010,1296,0
2010,1298,0
2010,1299,0
2010,1300,0
2010,1301,2
2010,1304,1
2010,1305,0
2010,1306,0
2010,1307,4
2010,1308,2
2010,1309,0
2010,1310,0
2010,1311,0
2010,1312,0
2010,1313,0
2010,1314,2
2010,1315,0
2010,1316,0
2010,1317,0
2010,1318,1
2010,1319,0
2010,1320,0
2010,1321,1
2010,1322,0
2010,1323,3
2010,1324,0
2010,1325,0
2010,1326,4
2010,1328,2
2010,1329,4
2010,1330,1
2010,1331,1
2010,1332,0
2010,1333,1
2010,1334,0
2010,1335,0
2010,1336,0
2010,1337,0
2010,1338,4
2010,1339,0
2010,1340,0
2010,1341,0
2010,1342,0
2010,1343,0
2010,1344,0
2010,1345,4
2010,1346,0
2010,1347,0
2010,1348,0
2010,1349,0
2010,1350,3
2010,1351,0
2010,1352,0
2010,1353,1
2010,1354,0
2010,1355,0
2010,1356,0
2010,1357,0
2010,1358,0
2010,1359,0
2010,1360,0
2010,1361,0
2010,1362,0
2010,1363,0
2010,1364,0
2010,1365,0
2010,1366,0
2010,1367,0
2010,1368,0
2010,1369,0
2010,1370,0
2010,1371,0
2010,1372,0
2010,1373,0
2010,1374,0
2010,1375,0
2010,1376,1
2010,1377,0
2010,1378,1
2010,1379,0
2010,1380,0
2010,1381,0
2010,1382,0
2010,1383,0
2010,1384,0
2010,1385,1
2010,1386,0
2010,1387,0
2010,1388,1
2010,1389,0
2010,1390,0
2010,1391,0
2010,1392,0
2010,1393,6
2010,1394,0
2010,1395,0
2010,1396,2
2010,1397,2
2010,1398,0
2010,1399,0
2010,1400,2
2010,1401,3
2010,1402,0
2010,1403,0
2010,1404,0
2010,1405,0
2010,1406,0
2010,1407,0
2010,1408,0
2010,1409,0
2010,1410,0
2010,1411,0
2010,1412,1
2010,1413,0
2010,1414,0
2010,1415,0
2010,1416,0
2010,1417,1
2010,1418,0
2010,1419,0
2010,1420,0
2010,1421,0
2010,1422,0
2010,1423,0
2010,1424,2
2010,1425,1
2010,1426,0
2010,1427,0
2010,1428,1
2010,1429,1
2010,1430,0
2010,1431,0
2010,1433,0
2010,1434,0
2010,1435,1
2010,1436,0
2010,1437,5
2010,1438,0
2010,1439,0
2010,1440,0
2010,1441,0
2010,1442,0
2010,1443,0
2010,1444,0
2010,1445,0
2010,1447,0
2010,1448,2
2010,1449,3
2010,1450,0
2010,1451,0
2010,1452,6
2010,1453,1
2010,1454,0
2010,1455,0
2010,1456,1
2010,1457,0
2010,1458,6
2010,1459,0
2010,1460,0
2010,1461,0
2010,1462,0
2010,1463,0
2010,1464,0
2009,1102,0
2009,1103,0
2009,1104,0
2009,1105,0
2009,1106,0
2009,1107,0
2009,1108,0
2009,1110,0
2009,1111,0
2009,1112,4
2009,1113,4
2009,1114,0
2009,1115,0
2009,1116,2
2009,1117,0
2009,1119,0
2009,1120,0
2009,1122,0
2009,1123,0
2009,1124,3
2009,1125,0
2009,1126,0
2009,1127,0
2009,1129,0
2009,1130,2
2009,1131,0
2009,1132,0
2009,1133,0
2009,1135,0
2009,1136,0
2009,1137,0
2009,1138,0
2009,1139,1
2009,1140,0
2009,1141,0
2009,1142,0
2009,1143,3
2009,1144,0
2009,1145,0
2009,1146,0
2009,1147,0
2009,1148,0
2009,1149,0
2009,1150,1
2009,1151,0
2009,1152,0
2009,1153,1
2009,1154,0
2009,1155,1
2009,1156,1
2009,1157,0
2009,1158,0
2009,1159,0
2009,1160,0
2009,1161,0
2009,1162,0
2009,1163,6
2009,1164,0
2009,1165,0
2009,1166,0
2009,1167,0
2009,1168,0
2009,1169,0
2009,1170,0
2009,1171,0
2009,1172,1
2009,1173,2
2009,1174,0
2009,1175,0
2009,1176,0
2009,1177,0
2009,1178,0
2009,1179,0
2009,1180,0
2009,1181,2
2009,1182,1
2009,1183,0
2009,1184,0
2009,1185,0
2009,1186,0
2009,1187,0
2009,1188,0
2009,1189,0
2009,1190,0
2009,1191,0
2009,1192,0
2009,1193,0
2009,1194,0
2009,1195,0
2009,1196,1
2009,1197,0
2009,1198,0
2009,1199,3
2009,1200,0
2009,1201,0
2009,1202,0
2009,1203,0
2009,1204,0
2009,1205,0
2009,1206,0
2009,1207,4
2009,1208,0
2009,1209,0
2009,1210,1
2009,1211,0
2009,1212,0
2009,1214,0
2009,1216,0
2009,1217,0
2009,1218,0
2009,1219,0
2009,1220,0
2009,1221,0
2009,1222,0
2009,1223,0
2009,1224,0
2009,1225,0
2009,1226,0
2009,1227,0
2009,1228,3
2009,1229,0
2009,1231,0
2009,1232,0
2009,1233,0
2009,1234,0
2009,1235,0
2009,1236,0
2009,1237,0
2009,1238,0
2009,1239,0
2009,1240,0
2009,1241,0
2009,1242,4
2009,1243,2
2009,1244,0
2009,1245,0
2009,1246,1
2009,1247,0
2009,1248,0
2009,1249,0
2009,1250,0
2009,1251,0
2009,1252,0
2009,1253,0
2009,1254,0
2009,1255,0
2009,1256,0
2009,1257,8
2009,1258,0
2009,1259,0
2009,1260,0
2009,1261,0
2009,1263,0
2009,1264,0
2009,1265,0
2009,1266,2
2009,1267,0
2009,1268,2
2009,1269,1
2009,1270,0
2009,1271,0
2009,1272,1
2009,1273,0
2009,1274,0
2009,1275,0
2009,1276,3
2009,1277,3
2009,1278,1
2009,1279,0
2009,1280,0
2009,1281,3
2009,1282,0
2009,1283,0
2009,1284,0
2009,1285,0
2009,1286,0
2009,1287,0
2009,1288,0
2009,1290,0
2009,1291,0
2009,1292,0
2009,1293,0
2009,1294,0
2009,1295,0
2009,1296,0
2009,1298,0
2009,1299,0
2009,1300,0
2009,1301,0
2009,1304,2
2009,1305,0
2009,1306,0
2009,1307,1
2009,1308,0
2009,1309,0
2009,1310,0
2009,1311,0
2009,1312,0
2009,1313,0
2009,1314,4
2009,1315,0
2009,1316,0
2009,1317,0
2009,1318,0
2009,1319,0
2009,1320,0
2009,1321,2
2009,1322,0
2009,1323,2
2009,1324,0
2009,1325,0
2009,1326,2
2009,1328,2
2009,1329,2
2009,1330,0
2009,1331,0
2009,1332,0
2009,1333,0
2009,1334,0
2009,1335,0
2009,1336,2
2009,1337,0
2009,1338,6
2009,1339,1
2009,1340,1
2009,1341,0
2009,1342,0
2009,1343,0
2009,1344,2
2009,1345,1
2009,1346,0
2009,1347,0
2009,1348,0
2009,1349,0
2009,1350,1
2009,1351,0
2009,1352,0
2009,1353,0
2009,1354,0
2009,1355,0
2009,1356,0
2009,1357,0
2009,1358,0
2009,1359,0
2009,1360,0
2009,1361,1
2009,1362,0
2009,1363,0
2009,1364,0
2009,1365,0
2009,1366,0
2009,1367,0
2009,1368,0
2009,1369,0
2009,1370,0
2009,1371,0
2009,1372,0
2009,1373,0
2009,1374,0
2009,1375,0
2009,1376,0
2009,1377,0
2009,1378,1
2009,1379,0
2009,1380,0
2009,1381,0
2009,1382,0
2009,1383,0
2009,1384,0
2009,1385,0
2009,1386,0
2009,1387,0
2009,1388,0
2009,1389,0
2009,1390,1
2009,1391,0
2009,1392,0
2009,1393,6
2009,1394,0
2009,1395,0
2009,1396,1
2009,1397,1
2009,1398,0
2009,1399,0
2009,1400,3
2009,1401,2
2009,1402,0
2009,1403,1
2009,1404,0
2009,1405,0
2009,1406,0
2009,1407,0
2009,1408,0
2009,1409,0
2009,1410,0
2009,1411,0
2009,1412,0
2009,1413,0
2009,1414,0
2009,1415,0
2009,1416,0
2009,1417,1
2009,1418,0
2009,1419,0
2009,1420,0
2009,1421,0
2009,1422,0
2009,1423,0
2009,1424,3
2009,1425,3
2009,1426,0
2009,1427,0
2009,1428,2
2009,1429,0
2009,1430,0
2009,1431,0
2009,1433,0
2009,1434,0
2009,1435,0
2009,1436,0
2009,1437,5
2009,1438,1
2009,1439,1
2009,1440,0
2009,1441,0
2009,1442,0
2009,1443,1
2009,1444,0
2009,1445,0
2009,1447,0
2009,1448,5
2009,1449,3
2009,1450,3
2009,1451,0
2009,1452,2
2009,1453,0
2009,1454,0
2009,1455,0
2009,1456,0
2009,1457,0
2009,1458,0
2009,1459,0
2009,1460,0
2009,1461,0
2009,1462,2
2009,1463,0
2009,1464,0
2008,1102,0
2008,1103,0
2008,1104,0
2008,1105,0
2008,1106,0
2008,1107,0
2008,1108,0
2008,1110,0
2008,1111,0
2008,1112,3
2008,1113,4
2008,1114,0
2008,1115,0
2008,1116,1
2008,1117,0
2008,1119,0
2008,1120,0
2008,1122,0
2008,1123,0
2008,1124,1
2008,1125,0
2008,1126,0
2008,1127,0
2008,1129,0
2008,1130,0
2008,1131,0
2008,1132,0
2008,1133,1
2008,1135,0
2008,1137,0
2008,1138,0
2008,1139,0
2008,1140,1
2008,1141,0
2008,1142,0
2008,1143,1
2008,1144,0
2008,1145,0
2008,1146,0
2008,1147,0
2008,1148,0
2008,1149,0
2008,1150,2
2008,1151,0
2008,1152,0
2008,1153,3
2008,1154,0
2008,1155,1
2008,1156,1
2008,1157,0
2008,1158,0
2008,1159,0
2008,1160,0
2008,1161,0
2008,1162,0
2008,1163,4
2008,1164,0
2008,1165,0
2008,1166,0
2008,1167,0
2008,1168,0
2008,1169,0
2008,1170,0
2008,1171,0
2008,1172,0
2008,1173,2
2008,1174,0
2008,1175,0
2008,1176,0
2008,1177,0
2008,1178,0
2008,1179,1
2008,1180,0
2008,1181,5
2008,1182,0
2008,1183,0
2008,1184,0
2008,1185,0
2008,1186,0
2008,1187,0
2008,1189,0
2008,1190,0
2008,1191,0
2008,1192,0
2008,1193,0
2008,1194,0
2008,1195,0
2008,1196,0
2008,1197,0
2008,1198,0
2008,1199,1
2008,1200,0
2008,1201,0
2008,1202,0
2008,1203,0
2008,1204,0
2008,1205,0
2008,1206,0
2008,1207,4
2008,1208,0
2008,1209,0
2008,1210,1
2008,1211,0
2008,1212,0
2008,1214,0
2008,1216,0
2008,1217,0
2008,1218,0
2008,1219,0
2008,1220,0
2008,1221,0
2008,1222,0
2008,1223,0
2008,1224,0
2008,1225,0
2008,1226,0
2008,1227,0
2008,1228,0
2008,1229,0
2008,1231,1
2008,1232,0
2008,1233,0
2008,1234,1
2008,1235,0
2008,1236,0
2008,1237,0
2008,1238,0
2008,1239,0
2008,1240,0
2008,1241,0
2008,1242,4
2008,1243,2
2008,1244,0
2008,1245,0
2008,1246,1
2008,1247,0
2008,1248,0
2008,1249,0
2008,1250,0
2008,1251,0
2008,1252,0
2008,1253,0
2008,1254,0
2008,1255,0
2008,1256,0
2008,1257,5
2008,1258,0
2008,1259,0
2008,1260,0
2008,1261,0
2008,1263,0
2008,1264,0
2008,1265,0
2008,1266,2
2008,1267,0
2008,1268,1
2008,1269,0
2008,1270,0
2008,1271,0
2008,1272,2
2008,1273,0
2008,1274,2
2008,1275,1
2008,1276,0
2008,1277,1
2008,1278,0
2008,1279,1
2008,1280,0
2008,1281,1
2008,1282,0
2008,1283,1
2008,1284,0
2008,1285,0
2008,1286,0
2008,1287,0
2008,1288,0
2008,1290,0
2008,1291,0
2008,1292,0
2008,1293,0
2008,1294,0
2008,1295,0
2008,1296,0
2008,1298,0
2008,1299,0
2008,1300,0
2008,1301,1
2008,1304,1
2008,1305,0
2008,1306,0
2008,1307,0
2008,1308,0
2008,1309,0
2008,1310,0
2008,1311,0
2008,1313,0
2008,1314,5
2008,1316,0
2008,1317,0
2008,1318,0
2008,1319,0
2008,1320,0
2008,1321,0
2008,1322,0
2008,1323,3
2008,1324,0
2008,1325,0
2008,1326,1
2008,1328,2
2008,1329,2
2008,1330,0
2008,1331,0
2008,1332,3
2008,1333,0
2008,1334,0
2008,1335,0
2008,1336,1
2008,1337,0
2008,1338,6
2008,1339,0
2008,1340,0
2008,1341,0
2008,1342,0
2008,1343,0
2008,1344,0
2008,1345,4
2008,1346,0
2008,1347,0
2008,1348,0
2008,1349,0
2008,1350,0
2008,1351,0
2008,1352,0
2008,1353,1
2008,1354,0
2008,1355,0
2008,1356,1
2008,1357,0
2008,1358,0
2008,1359,0
2008,1360,0
2008,1361,0
2008,1362,0
2008,1363,0
2008,1364,0
2008,1365,0
2008,1366,0
2008,1367,0
2008,1368,0
2008,1369,0
2008,1371,1
2008,1372,0
2008,1373,1
2008,1374,0
2008,1375,0
2008,1376,0
2008,1378,0
2008,1379,0
2008,1380,0
2008,1381,0
2008,1382,0
2008,1383,0
2008,1384,0
2008,1385,0
2008,1386,2
2008,1387,0
2008,1388,1
2008,1389,0
2008,1390,6
2008,1391,0
2008,1392,0
2008,1393,2
2008,1394,0
2008,1395,0
2008,1396,1
2008,1397,3
2008,1398,0
2008,1399,0
2008,1400,4
2008,1401,1
2008,1402,0
2008,1403,2
2008,1404,0
2008,1405,0
2008,1406,0
2008,1407,0
2008,1408,0
2008,1409,0
2008,1410,0
2008,1411,0
2008,1412,0
2008,1413,0
2008,1414,0
2008,1415,0
2008,1416,0
2008,1417,9
2008,1418,0
2008,1419,0
2008,1420,0
2008,1421,0
2008,1422,0
2008,1423,0
2008,1424,0
2008,1425,3
2008,1426,0
2008,1427,0
2008,1428,0
2008,1429,0
2008,1430,0
2008,1431,0
2008,1433,0
2008,1434,0
2008,1435,1
2008,1436,0
2008,1437,2
2008,1438,1
2008,1439,0
2008,1440,0
2008,1441,0
2008,1442,0
2008,1443,0
2008,1444,1
2008,1445,0
2008,1447,0
2008,1448,1
2008,1449,2
2008,1450,0
2008,1451,0
2008,1452,2
2008,1453,0
2008,1454,0
2008,1455,0
2008,1456,0
2008,1457,0
2008,1458,3
2008,1459,0
2008,1460,1
2008,1461,0
2008,1462,0
2008,1463,0
2008,1464,0
2007,1102,0
2007,1103,0
2007,1104,1
2007,1105,0
2007,1106,0
2007,1107,0
2007,1108,0
2007,1110,0
2007,1111,0
2007,1112,3
2007,1113,0
2007,1114,0
2007,1115,0
2007,1116,1
2007,1117,0
2007,1119,0
2007,1120,0
2007,1122,0
2007,1123,0
2007,1124,0
2007,1125,0
2007,1126,0
2007,1127,0
2007,1129,0
2007,1130,2
2007,1131,0
2007,1132,0
2007,1133,1
2007,1135,0
2007,1137,0
2007,1138,0
2007,1139,2
2007,1140,2
2007,1141,0
2007,1142,0
2007,1143,2
2007,1144,0
2007,1145,0
2007,1146,0
2007,1147,0
2007,1148,0
2007,1149,0
2007,1150,0
2007,1151,0
2007,1152,0
2007,1153,0
2007,1154,0
2007,1155,0
2007,1156,0
2007,1157,0
2007,1158,0
2007,1159,0
2007,1160,0
2007,1161,0
2007,1162,0
2007,1163,0
2007,1164,0
2007,1165,0
2007,1166,1
2007,1168,0
2007,1169,0
2007,1170,0
2007,1171,0
2007,1172,0
2007,1173,1
2007,1174,0
2007,1175,0
2007,1176,0
2007,1177,3
2007,1178,0
2007,1179,0
2007,1180,1
2007,1181,3
2007,1182,0
2007,1183,0
2007,1184,0
2007,1185,0
2007,1186,0
2007,1187,0
2007,1189,0
2007,1190,0
2007,1191,1
2007,1192,0
2007,1193,0
2007,1194,0
2007,1196,3
2007,1197,0
2007,1198,0
2007,1199,3
2007,1200,0
2007,1201,0
2007,1202,0
2007,1203,0
2007,1204,0
2007,1205,0
2007,1206,0
2007,1207,7
2007,1208,1
2007,1209,0
2007,1210,3
2007,1211,1
2007,1212,0
2007,1214,0
2007,1216,0
2007,1217,0
2007,1218,0
2007,1219,0
2007,1220,0
2007,1221,0
2007,1222,0
2007,1224,0
2007,1225,0
2007,1226,0
2007,1227,1
2007,1228,3
2007,1229,0
2007,1231,3
2007,1232,1
2007,1233,0
2007,1234,2
2007,1235,0
2007,1236,0
2007,1237,0
2007,1238,0
2007,1239,0
2007,1240,0
2007,1241,0
2007,1242,1
2007,1243,0
2007,1244,0
2007,1245,0
2007,1246,2
2007,1247,0
2007,1248,0
2007,1249,0
2007,1250,0
2007,1251,0
2007,1252,0
2007,1253,0
2007,1254,0
2007,1255,0
2007,1256,0
2007,1257,1
2007,1258,0
2007,1259,0
2007,1260,1
2007,1261,2
2007,1263,0
2007,1264,0
2007,1265,0
2007,1266,5
2007,1267,0
2007,1268,4
2007,1269,1
2007,1270,0
2007,1271,0
2007,1272,1
2007,1273,0
2007,1274,2
2007,1275,0
2007,1276,2
2007,1277,2
2007,1278,0
2007,1279,0
2007,1280,1
2007,1281,0
2007,1282,0
2007,1283,1
2007,1284,0
2007,1285,0
2007,1286,0
2007,1287,0
2007,1288,0
2007,1290,0
2007,1291,0
2007,1292,0
2007,1293,0
2007,1294,0
2007,1295,0
2007,1296,0
2007,1298,0
2007,1299,0
2007,1301,2
2007,1304,0
2007,1305,0
2007,1306,0
2007,1307,0
2007,1308,0
2007,1309,0
2007,1310,0
2007,1311,0
2007,1312,0
2007,1313,0
2007,1314,4
2007,1316,0
2007,1317,0
2007,1318,0
2007,1319,0
2007,1320,1
2007,1321,0
2007,1322,0
2007,1323,6
2007,1324,0
2007,1325,0
2007,1326,5
2007,1328,0
2007,1329,2
2007,1330,1
2007,1331,1
2007,1332,2
2007,1333,0
2007,1334,0
2007,1335,0
2007,1336,0
2007,1337,0
2007,1338,3
2007,1339,0
2007,1340,0
2007,1341,0
2007,1343,0
2007,1344,0
2007,1345,2
2007,1346,0
2007,1347,0
2007,1348,0
2007,1349,0
2007,1350,0
2007,1351,0
2007,1352,0
2007,1353,0
2007,1354,0
2007,1355,0
2007,1356,1
2007,1357,0
2007,1358,0
2007,1359,0
2007,1360,0
2007,1361,1
2007,1362,0
2007,1363,0
2007,1364,0
2007,1365,0
2007,1366,0
2007,1368,0
2007,1369,0
2007,1371,0
2007,1372,0
2007,1373,0
2007,1374,0
2007,1375,0
2007,1376,0
2007,1378,1
2007,1379,0
2007,1380,0
2007,1381,0
2007,1382,0
2007,1383,0
2007,1384,0
2007,1385,1
2007,1386,0
2007,1387,0
2007,1388,0
2007,1389,0
2007,1390,2
2007,1391,0
2007,1392,0
2007,1393,2
2007,1394,0
2007,1395,1
2007,1396,0
2007,1397,3
2007,1398,0
2007,1399,0
2007,1400,1
2007,1401,1
2007,1402,0
2007,1403,3
2007,1404,0
2007,1405,0
2007,1406,0
2007,1407,0
2007,1408,0
2007,1409,0
2007,1410,0
2007,1411,0
2007,1412,0
2007,1413,0
2007,1414,0
2007,1415,0
2007,1416,0
2007,1417,3
2007,1418,0
2007,1419,0
2007,1420,0
2007,1421,0
2007,1422,0
2007,1423,0
2007,1424,1
2007,1425,2
2007,1426,0
2007,1427,0
2007,1428,1
2007,1429,0
2007,1430,0
2007,1431,0
2007,1433,0
2007,1434,0
2007,1435,3
2007,1436,0
2007,1437,3
2007,1438,3
2007,1439,4
2007,1440,0
2007,1441,0
2007,1442,0
2007,1443,0
2007,1444,0
2007,1445,0
2007,1447,0
2007,1448,0
2007,1449,2
2007,1450,0
2007,1451,0
2007,1452,2
2007,1453,0
2007,1454,0
2007,1455,0
2007,1456,0
2007,1457,0
2007,1458,4
2007,1459,0
2007,1460,2
2007,1461,1
2007,1462,1
2007,1463,0
2007,1464,0
2006,1102,0
2006,1103,0
2006,1104,4
2006,1105,0
2006,1106,0
2006,1107,0
2006,1108,0
2006,1110,0
2006,1111,0
2006,1112,2
2006,1113,0
2006,1114,0
2006,1115,0
2006,1116,4
2006,1117,0
2006,1119,0
2006,1120,0
2006,1122,0
2006,1123,0
2006,1124,0
2006,1125,0
2006,1126,0
2006,1127,0
2006,1128,0
2006,1129,0
2006,1130,2
2006,1131,0
2006,1132,0
2006,1133,0
2006,1135,0
2006,1137,0
2006,1138,0
2006,1139,0
2006,1140,0
2006,1141,0
2006,1142,0
2006,1143,2
2006,1144,0
2006,1145,0
2006,1147,0
2006,1148,0
2006,1149,0
2006,1150,0
2006,1151,0
2006,1152,0
2006,1153,2
2006,1154,0
2006,1155,1
2006,1156,0
2006,1157,0
2006,1158,0
2006,1159,0
2006,1160,0
2006,1161,0
2006,1162,0
2006,1163,6
2006,1164,0
2006,1165,0
2006,1166,0
2006,1168,0
2006,1169,0
2006,1170,0
2006,1171,0
2006,1172,0
2006,1173,0
2006,1174,0
2006,1175,0
2006,1176,0
2006,1177,0
2006,1178,0
2006,1179,0
2006,1180,0
2006,1181,5
2006,1182,0
2006,1183,0
2006,1184,0
2006,1185,0
2006,1186,0
2006,1187,0
2006,1189,0
2006,1190,0
2006,1191,0
2006,1192,0
2006,1193,0
2006,1194,0
2006,1196,4
2006,1197,0
2006,1198,0
2006,1199,1
2006,1200,0
2006,1201,0
2006,1202,0
2006,1203,0
2006,1204,0
2006,1205,0
2006,1206,0
2006,1207,2
2006,1208,2
2006,1209,0
2006,1210,1
2006,1211,0
2006,1212,0
2006,1214,0
2006,1216,0
2006,1217,0
2006,1218,0
2006,1219,0
2006,1220,0
2006,1221,0
2006,1222,1
2006,1224,0
2006,1225,0
2006,1226,0
2006,1227,0
2006,1228,3
2006,1229,0
2006,1231,2
2006,1232,0
2006,1233,0
2006,1234,3
2006,1235,1
2006,1236,0
2006,1237,0
2006,1238,0
2006,1239,0
2006,1240,0
2006,1241,0
2006,1242,1
2006,1243,1
2006,1244,0
2006,1245,0
2006,1246,5
2006,1247,0
2006,1248,0
2006,1249,0
2006,1250,0
2006,1251,0
2006,1252,0
2006,1253,0
2006,1254,0
2006,1255,0
2006,1256,0
2006,1257,0
2006,1258,0
2006,1259,0
2006,1260,0
2006,1261,5
2006,1263,0
2006,1264,0
2006,1265,0
2006,1266,4
2006,1267,1
2006,1268,2
2006,1269,0
2006,1270,0
2006,1271,0
2006,1272,2
2006,1273,0
2006,1274,1
2006,1275,0
2006,1276,1
2006,1277,4
2006,1278,1
2006,1279,2
2006,1280,1
2006,1281,1
2006,1282,0
2006,1283,0
2006,1284,0
2006,1285,0
2006,1286,0
2006,1287,0
2006,1288,0
2006,1290,0
2006,1291,0
2006,1292,0
2006,1293,0
2006,1294,0
2006,1295,0
2006,1296,0
2006,1298,0
2006,1299,0
2006,1301,1
2006,1304,0
2006,1305,1
2006,1306,0
2006,1307,0
2006,1308,0
2006,1309,0
2006,1310,0
2006,1311,0
2006,1313,0
2006,1314,1
2006,1316,0
2006,1317,0
2006,1318,0
2006,1319,0
2006,1320,2
2006,1321,1
2006,1322,0
2006,1323,0
2006,1324,0
2006,1325,0
2006,1326,2
2006,1328,1
2006,1329,2
2006,1330,0
2006,1331,0
2006,1332,1
2006,1333,0
2006,1334,0
2006,1335,0
2006,1336,1
2006,1337,0
2006,1338,4
2006,1339,0
2006,1340,0
2006,1341,0
2006,1343,0
2006,1344,0
2006,1345,0
2006,1346,0
2006,1347,0
2006,1348,0
2006,1349,0
2006,1350,0
2006,1351,0
2006,1352,0
2006,1353,0
2006,1354,0
2006,1355,0
2006,1356,0
2006,1357,0
2006,1358,0
2006,1359,0
2006,1360,0
2006,1361,0
2006,1362,0
2006,1363,0
2006,1364,0
2006,1365,0
2006,1366,0
2006,1368,0
2006,1369,0
2006,1371,2
2006,1372,0
2006,1373,0
2006,1374,0
2006,1375,0
2006,1376,3
2006,1378,1
2006,1379,0
2006,1380,0
2006,1381,0
2006,1382,0
2006,1383,0
2006,1384,0
2006,1385,1
2006,1386,1
2006,1387,0
2006,1388,0
2006,1389,0
2006,1390,1
2006,1391,0
2006,1392,0
2006,1393,4
2006,1394,0
2006,1395,0
2006,1396,1
2006,1397,5
2006,1398,0
2006,1399,0
2006,1400,5
2006,1401,1
2006,1402,0
2006,1403,0
2006,1404,0
2006,1405,0
2006,1406,0
2006,1407,0
2006,1408,0
2006,1409,0
2006,1410,0
2006,1411,0
2006,1412,1
2006,1413,0
2006,1414,0
2006,1415,0
2006,1416,0
2006,1417,0
2006,1418,0
2006,1419,0
2006,1420,0
2006,1421,0
2006,1422,0
2006,1423,0
2006,1424,0
2006,1425,2
2006,1426,0
2006,1427,0
2006,1428,0
2006,1429,0
2006,1430,0
2006,1431,0
2006,1433,0
2006,1434,0
2006,1435,2
2006,1436,0
2006,1437,2
2006,1438,2
2006,1439,0
2006,1440,0
2006,1441,0
2006,1442,0
2006,1443,0
2006,1444,0
2006,1447,0
2006,1448,0
2006,1449,2
2006,1450,2
2006,1451,0
2006,1452,5
2006,1453,0
2006,1454,0
2006,1455,0
2006,1456,0
2006,1457,0
2006,1458,2
2006,1459,0
2006,1460,0
2006,1461,0
2006,1462,0
2006,1463,0
2006,1464,0
2005,1102,0
2005,1103,0
2005,1104,0
2005,1105,0
2005,1106,0
2005,1107,0
2005,1108,0
2005,1110,0
2005,1111,0
2005,1112,2
2005,1113,0
2005,1114,0
2005,1115,0
2005,1116,0
2005,1117,0
2005,1119,0
2005,1120,0
2005,1122,0
2005,1123,0
2005,1124,0
2005,1125,0
2005,1126,0
2005,1127,0
2005,1128,0
2005,1129,0
2005,1130,3
2005,1131,0
2005,1132,0
2005,1133,0
2005,1135,0
2005,1137,0
2005,1138,0
2005,1139,0
2005,1140,0
2005,1141,0
2005,1142,0
2005,1143,0
2005,1144,0
2005,1145,0
2005,1147,0
2005,1148,0
2005,1149,0
2005,1150,1
2005,1151,0
2005,1152,0
2005,1153,0
2005,1154,0
2005,1155,0
2005,1156,0
2005,1157,0
2005,1158,0
2005,1159,0
2005,1160,0
2005,1161,0
2005,1162,0
2005,1163,3
2005,1164,0
2005,1165,0
2005,1166,0
2005,1168,1
2005,1169,1
2005,1170,0
2005,1171,0
2005,1172,0
2005,1173,0
2005,1174,0
2005,1175,0
2005,1176,0
2005,1177,1
2005,1178,0
2005,1179,0
2005,1180,0
2005,1181,7
2005,1182,0
2005,1183,0
2005,1184,0
2005,1185,0
2005,1186,0
2005,1187,0
2005,1189,0
2005,1190,0
2005,1191,0
2005,1192,0
2005,1193,0
2005,1194,0
2005,1196,4
2005,1197,0
2005,1198,0
2005,1199,2
2005,1200,0
2005,1201,0
2005,1202,0
2005,1203,1
2005,1204,0
2005,1205,0
2005,1206,0
2005,1207,1
2005,1208,0
2005,1209,0
2005,1210,2
2005,1211,3
2005,1212,0
2005,1214,0
2005,1216,0
2005,1217,0
2005,1218,0
2005,1219,0
2005,1220,0
2005,1221,0
2005,1222,1
2005,1224,0
2005,1225,1
2005,1226,0
2005,1227,0
2005,1228,6
2005,1229,0
2005,1231,2
2005,1232,0
2005,1233,0
2005,1234,2
2005,1235,2
2005,1236,1
2005,1237,0
2005,1238,0
2005,1239,0
2005,1240,0
2005,1241,0
2005,1242,3
2005,1243,0
2005,1245,0
2005,1246,3
2005,1247,0
2005,1248,0
2005,1249,0
2005,1250,0
2005,1251,0
2005,1252,0
2005,1253,0
2005,1254,0
2005,1255,0
2005,1256,0
2005,1257,3
2005,1258,0
2005,1259,0
2005,1260,0
2005,1261,2
2005,1263,0
2005,1264,0
2005,1265,0
2005,1266,1
2005,1267,0
2005,1268,3
2005,1269,1
2005,1270,0
2005,1271,0
2005,1272,1
2005,1273,0
2005,1274,1
2005,1275,0
2005,1276,0
2005,1277,1
2005,1278,1
2005,1279,0
2005,1280,1
2005,1281,2
2005,1282,0
2005,1283,0
2005,1284,0
2005,1285,0
2005,1286,0
2005,1287,0
2005,1288,0
2005,1290,0
2005,1291,0
2005,1292,0
2005,1293,0
2005,1294,0
2005,1296,0
2005,1298,0
2005,1299,0
2005,1301,3
2005,1304,1
2005,1305,0
2005,1306,0
2005,1307,2
2005,1308,0
2005,1309,0
2005,1310,0
2005,1311,0
2005,1313,0
2005,1314,4
2005,1317,0
2005,1318,0
2005,1319,0
2005,1320,0
2005,1321,0
2005,1322,0
2005,1323,2
2005,1324,0
2005,1325,0
2005,1326,1
2005,1328,3
2005,1329,3
2005,1330,0
2005,1331,0
2005,1332,0
2005,1333,1
2005,1334,2
2005,1335,0
2005,1336,0
2005,1337,1
2005,1338,3
2005,1339,0
2005,1340,0
2005,1341,0
2005,1343,0
2005,1344,0
2005,1345,0
2005,1346,0
2005,1347,0
2005,1348,0
2005,1349,0
2005,1350,0
2005,1351,0
2005,1352,0
2005,1353,0
2005,1354,0
2005,1356,0
2005,1357,0
2005,1358,0
2005,1359,0
2005,1360,0
2005,1361,0
2005,1362,0
2005,1363,0
2005,1364,0
2005,1365,1
2005,1368,0
2005,1369,0
2005,1371,0
2005,1372,0
2005,1373,0
2005,1374,0
2005,1375,0
2005,1376,1
2005,1378,1
2005,1379,0
2005,1380,0
2005,1381,0
2005,1382,0
2005,1383,0
2005,1384,0
2005,1385,0
2005,1386,0
2005,1387,0
2005,1388,0
2005,1389,0
2005,1390,2
2005,1391,0
2005,1392,0
2005,1393,2
2005,1394,0
2005,1395,0
2005,1396,1
2005,1397,1
2005,1398,0
2005,1399,0
2005,1400,2
2005,1401,0
2005,1402,0
2005,1403,3
2005,1404,0
2005,1405,0
2005,1406,0
2005,1407,0
2005,1408,0
2005,1409,0
2005,1410,0
2005,1411,0
2005,1412,0
2005,1413,0
2005,1414,0
2005,1415,0
2005,1416,1
2005,1417,1
2005,1418,0
2005,1419,0
2005,1420,0
2005,1421,0
2005,1422,0
2005,1423,0
2005,1424,0
2005,1425,0
2005,1426,0
2005,1427,0
2005,1428,0
2005,1429,1
2005,1430,0
2005,1431,0
2005,1433,0
2005,1434,0
2005,1435,1
2005,1436,0
2005,1437,1
2005,1438,1
2005,1439,2
2005,1440,0
2005,1441,0
2005,1442,0
2005,1443,0
2005,1444,0
2005,1447,0
2005,1448,5
2005,1449,5
2005,1450,1
2005,1451,0
2005,1452,1
2005,1453,0
2005,1454,0
2005,1455,0
2005,1456,0
2005,1457,0
2005,1458,2
2005,1459,0
2005,1460,0
2005,1461,0
2005,1462,0
2005,1463,0
2005,1464,0
2004,1102,0
2004,1103,0
2004,1104,2
2004,1105,0
2004,1106,0
2004,1107,0
2004,1108,0
2004,1110,0
2004,1111,0
2004,1112,1
2004,1113,0
2004,1114,0
2004,1115,0
2004,1116,0
2004,1117,0
2004,1119,0
2004,1120,0
2004,1122,0
2004,1123,1
2004,1124,0
2004,1125,0
2004,1126,0
2004,1127,0
2004,1128,0
2004,1129,1
2004,1130,1
2004,1131,0
2004,1132,0
2004,1133,0
2004,1135,0
2004,1137,0
2004,1138,0
2004,1139,0
2004,1140,1
2004,1141,0
2004,1142,0
2004,1143,0
2004,1144,0
2004,1145,0
2004,1147,0
2004,1148,0
2004,1149,0
2004,1150,2
2004,1151,0
2004,1152,0
2004,1153,2
2004,1154,0
2004,1155,2
2004,1156,0
2004,1157,0
2004,1158,0
2004,1159,0
2004,1160,0
2004,1161,0
2004,1162,0
2004,1163,3
2004,1164,0
2004,1165,0
2004,1166,0
2004,1168,0
2004,1169,0
2004,1170,0
2004,1171,0
2004,1172,0
2004,1173,1
2004,1174,0
2004,1175,0
2004,1176,0
2004,1177,2
2004,1178,0
2004,1179,0
2004,1180,0
2004,1181,9
2004,1182,2
2004,1183,0
2004,1184,0
2004,1185,0
2004,1186,0
2004,1187,0
2004,1189,0
2004,1190,0
2004,1191,0
2004,1192,0
2004,1193,0
2004,1194,0
2004,1196,0
2004,1197,0
2004,1198,0
2004,1199,4
2004,1200,0
2004,1201,0
2004,1202,0
2004,1203,1
2004,1204,0
2004,1205,0
2004,1206,0
2004,1207,0
2004,1208,3
2004,1209,0
2004,1210,7
2004,1211,1
2004,1212,0
2004,1214,0
2004,1216,0
2004,1217,0
2004,1218,1
2004,1219,0
2004,1220,0
2004,1221,0
2004,1222,0
2004,1224,0
2004,1225,0
2004,1226,0
2004,1227,0
2004,1228,1
2004,1229,0
2004,1231,1
2004,1232,0
2004,1233,0
2004,1234,1
2004,1235,3
2004,1236,0
2004,1237,0
2004,1238,0
2004,1239,0
2004,1240,0
2004,1241,0
2004,1242,0
2004,1243,1
2004,1245,0
2004,1246,2
2004,1247,0
2004,1248,0
2004,1249,0
2004,1250,0
2004,1251,0
2004,1252,0
2004,1253,0
2004,1254,0
2004,1256,0
2004,1257,2
2004,1258,0
2004,1259,0
2004,1260,0
2004,1261,0
2004,1263,0
2004,1264,0
2004,1265,0
2004,1266,2
2004,1267,0
2004,1268,6
2004,1269,0
2004,1270,0
2004,1271,0
2004,1272,1
2004,1273,0
2004,1274,0
2004,1275,0
2004,1276,2
2004,1277,0
2004,1278,0
2004,1279,0
2004,1280,1
2004,1281,1
2004,1282,0
2004,1283,0
2004,1284,0
2004,1285,0
2004,1286,0
2004,1287,0
2004,1288,0
2004,1290,0
2004,1291,0
2004,1292,0
2004,1293,0
2004,1296,0
2004,1298,0
2004,1299,0
2004,1301,6
2004,1304,1
2004,1305,1
2004,1306,0
2004,1307,0
2004,1308,0
2004,1309,0
2004,1310,0
2004,1311,0
2004,1313,0
2004,1314,7
2004,1317,0
2004,1318,0
2004,1319,0
2004,1320,0
2004,1321,2
2004,1322,0
2004,1323,1
2004,1324,0
2004,1325,0
2004,1326,0
2004,1328,0
2004,1329,4
2004,1330,0
2004,1331,0
2004,1332,0
2004,1333,0
2004,1334,1
2004,1335,0
2004,1336,0
2004,1337,0
2004,1338,1
2004,1339,1
2004,1340,0
2004,1341,0
2004,1343,0
2004,1344,2
2004,1345,3
2004,1346,0
2004,1347,0
2004,1348,0
2004,1349,1
2004,1350,2
2004,1351,0
2004,1352,0
2004,1353,0
2004,1354,0
2004,1356,0
2004,1357,0
2004,1358,0
2004,1359,0
2004,1360,0
2004,1361,0
2004,1362,0
2004,1363,0
2004,1364,0
2004,1365,0
2004,1366,0
2004,1368,0
2004,1369,0
2004,1371,1
2004,1372,0
2004,1373,0
2004,1374,1
2004,1375,0
2004,1376,1
2004,1378,0
2004,1379,0
2004,1380,0
2004,1381,0
2004,1382,0
2004,1383,0
2004,1384,0
2004,1385,0
2004,1386,2
2004,1387,0
2004,1388,0
2004,1389,0
2004,1390,2
2004,1391,0
2004,1392,0
2004,1393,2
2004,1394,0
2004,1395,1
2004,1396,0
2004,1397,0
2004,1398,0
2004,1399,0
2004,1400,3
2004,1401,0
2004,1402,0
2004,1403,1
2004,1404,0
2004,1405,0
2004,1406,0
2004,1407,0
2004,1408,0
2004,1409,0
2004,1410,0
2004,1411,0
2004,1412,1
2004,1414,0
2004,1415,0
2004,1416,0
2004,1417,0
2004,1418,0
2004,1419,0
2004,1420,0
2004,1421,0
2004,1422,0
2004,1423,0
2004,1424,0
2004,1425,0
2004,1426,0
2004,1427,0
2004,1428,0
2004,1429,0
2004,1431,1
2004,1433,0
2004,1434,0
2004,1435,2
2004,1436,0
2004,1437,0
2004,1438,3
2004,1439,0
2004,1440,0
2004,1441,0
2004,1442,0
2004,1443,0
2004,1444,0
2004,1447,0
2004,1448,6
2004,1449,1
2004,1450,0
2004,1451,0
2004,1452,1
2004,1453,0
2004,1454,0
2004,1455,0
2004,1456,0
2004,1457,0
2004,1458,2
2004,1459,0
2004,1460,0
2004,1461,0
2004,1462,2
2004,1463,0
2004,1464,0
2003,1102,0
2003,1103,0
2003,1104,4
2003,1105,0
2003,1106,0
2003,1107,0
2003,1108,0
2003,1110,0
2003,1111,0
2003,1112,2
2003,1113,0
2003,1114,0
2003,1115,0
2003,1116,2
2003,1117,0
2003,1119,0
2003,1120,1
2003,1122,0
2003,1123,0
2003,1124,0
2003,1125,0
2003,1126,0
2003,1127,0
2003,1128,0
2003,1129,0
2003,1130,1
2003,1131,0
2003,1132,0
2003,1133,0
2003,1135,0
2003,1137,0
2003,1138,0
2003,1139,0
2003,1140,0
2003,1141,0
2003,1142,0
2003,1143,0
2003,1144,0
2003,1145,0
2003,1147,0
2003,1148,0
2003,1149,0
2003,1150,0
2003,1151,0
2003,1152,0
2003,1153,1
2003,1154,0
2003,1155,0
2003,1156,0
2003,1157,0
2003,1158,0
2003,1159,0
2003,1160,2
2003,1161,0
2003,1162,0
2003,1163,3
2003,1164,0
2003,1165,0
2003,1166,1
2003,1168,0
2003,1169,0
2003,1170,0
2003,1171,0
2003,1172,0
2003,1173,3
2003,1174,0
2003,1175,0
2003,1176,0
2003,1177,1
2003,1178,0
2003,1179,0
2003,1180,0
2003,1181,2
2003,1182,0
2003,1183,0
2003,1184,0
2003,1185,0
2003,1186,0
2003,1187,1
2003,1189,0
2003,1190,0
2003,1191,0
2003,1192,0
2003,1193,0
2003,1194,0
2003,1196,5
2003,1197,0
2003,1198,0
2003,1199,1
2003,1200,0
2003,1201,0
2003,1202,0
2003,1203,1
2003,1204,0
2003,1205,0
2003,1206,0
2003,1207,0
2003,1208,4
2003,1209,0
2003,1210,2
2003,1211,0
2003,1212,0
2003,1214,0
2003,1216,0
2003,1217,0
2003,1218,0
2003,1219,0
2003,1220,0
2003,1221,0
2003,1222,0
2003,1224,0
2003,1225,0
2003,1226,0
2003,1227,0
2003,1228,2
2003,1229,0
2003,1231,2
2003,1232,0
2003,1233,0
2003,1234,2
2003,1235,0
2003,1236,0
2003,1237,0
2003,1238,0
2003,1239,0
2003,1240,0
2003,1241,0
2003,1242,1
2003,1243,0
2003,1245,0
2003,1246,8
2003,1247,0
2003,1248,0
2003,1249,0
2003,1250,0
2003,1251,0
2003,1252,0
2003,1253,0
2003,1254,0
2003,1256,0
2003,1257,2
2003,1258,0
2003,1259,0
2003,1260,0
2003,1261,3
2003,1263,0
2003,1264,0
2003,1265,0
2003,1266,3
2003,1267,0
2003,1268,2
2003,1269,0
2003,1270,0
2003,1271,0
2003,1272,3
2003,1273,0
2003,1274,1
2003,1275,0
2003,1276,2
2003,1277,2
2003,1278,2
2003,1279,1
2003,1280,4
2003,1281,2
2003,1282,0
2003,1283,0
2003,1284,0
2003,1285,0
2003,1286,0
2003,1287,0
2003,1288,0
2003,1289,0
2003,1290,0
2003,1291,0
2003,1292,0
2003,1293,0
2003,1296,0
2003,1298,0
2003,1299,0
2003,1301,2
2003,1304,0
2003,1305,0
2003,1306,0
2003,1307,0
2003,1308,0
2003,1309,0
2003,1310,0
2003,1311,0
2003,1313,0
2003,1314,4
2003,1317,0
2003,1318,0
2003,1319,0
2003,1320,0
2003,1321,0
2003,1322,0
2003,1323,4
2003,1324,0
2003,1325,0
2003,1326,2
2003,1328,3
2003,1329,3
2003,1330,0
2003,1331,0
2003,1332,1
2003,1333,0
2003,1334,1
2003,1335,0
2003,1336,1
2003,1337,0
2003,1338,4
2003,1339,0
2003,1340,0
2003,1341,0
2003,1343,0
2003,1344,1
2003,1345,4
2003,1346,0
2003,1347,0
2003,1348,1
2003,1349,0
2003,1350,1
2003,1351,0
2003,1352,0
2003,1353,2
2003,1354,0
2003,1356,0
2003,1357,0
2003,1358,0
2003,1359,0
2003,1360,0
2003,1361,0
2003,1362,0
2003,1363,0
2003,1364,0
2003,1365,0
2003,1366,0
2003,1368,0
2003,1369,0
2003,1371,2
2003,1372,0
2003,1373,0
2003,1374,0
2003,1375,0
2003,1376,0
2003,1378,0
2003,1379,0
2003,1380,0
2003,1381,0
2003,1382,0
2003,1383,0
2003,1384,0
2003,1385,2
2003,1386,0
2003,1387,1
2003,1388,0
2003,1389,0
2003,1390,3
2003,1391,0
2003,1392,0
2003,1393,4
2003,1394,0
2003,1395,0
2003,1396,1
2003,1397,3
2003,1398,0
2003,1399,0
2003,1400,3
2003,1401,1
2003,1402,0
2003,1403,1
2003,1404,0
2003,1405,1
2003,1406,0
2003,1407,0
2003,1408,0
2003,1409,0
2003,1410,0
2003,1411,0
2003,1412,1
2003,1414,0
2003,1415,0
2003,1416,0
2003,1417,1
2003,1418,1
2003,1419,0
2003,1420,0
2003,1421,0
2003,1422,0
2003,1423,0
2003,1424,0
2003,1425,0
2003,1426,0
2003,1427,0
2003,1428,0
2003,1429,0
2003,1431,0
2003,1433,0
2003,1434,0
2003,1435,1
2003,1436,0
2003,1437,2
2003,1438,4
2003,1439,1
2003,1440,0
2003,1441,0
2003,1442,0
2003,1443,0
2003,1444,0
2003,1447,0
2003,1448,3
2003,1449,0
2003,1450,0
2003,1451,0
2003,1452,1
2003,1453,0
2003,1454,0
2003,1455,0
2003,1456,0
2003,1457,0
2003,1458,2
2003,1459,0
2003,1460,0
2003,1461,0
2003,1462,1
2003,1463,0
2003,1464,0
